19.9,19,15,0,160,180,8,0.3,0.3,2061,3.24
19.9,19,15,0,160,180,8,0.3,0.3,2064,3.11
19.9,19,15,0,160,180,8,0.3,0.3,2088,2.6
19.9,19,15,0,160,180,8,0.3,0.3,2103,3.32
16.2,19,15,0,164,180,8,0,0,2049,2.4
16.2,19,15,0,164,180,8,0,0,2019,2.5
16.2,19,15,0,164,180,8,0,0,2019,2.1
16.2,19,15,0,164,180,8,0,0,1971,3.1
16.2,19,15,0,164,180,8,0,0,1917,1.8
16.2,19,15,0,164,180,8,0,0,2052,2.5
16.2,19,15,0,164,180,8,0,0,2022,2.5
16.2,19,15,0,164,180,8,0,0,1950,3.3
0.1,18,15,0,150,190,8,0,0,1911,2.9
0.1,18,15,0,150,190,8,0,0,1842,3.9
0.1,18,15,0,145,190,10,0,0,2000,3
6,18,15,0,145,190,9,0,0,1908,3
6,19,15,0,164,180,8,0,0,2028,1.9
6,19,15,0,164,180,8,0,0,2079,1.48
6,19,15,0,164,180,8,0,0,2073,2.22
6,19,15,0,164,180,8,0,0,2103,1.73
6,19,15,0,164,180,8,0,0,2088,1.79
6,19,15,0,164,180,8,0,0,2007,2.67
6,19,15,0,164,180,8,0,0,1989,1.89
6,19,15,0,164,180,8,0,0,2052,1.4
6,19,15,0,164,180,8,0,0,2073,1.88
6,19,15,0,164,180,8,0,0,2019,1.92
6,19,15,0,164,180,8,0,0,2113,1.36
6,19,15,0,164,180,8,0,0,2085,1.79
6,19,15,0,164,180,8,0,0,2085,1.46
6,19,15,0,164,180,8,0,0,2094,1.88
6,19,15,0,164,180,8,0.05,0.06,2094,1.68
6,19,15,0,164,180,8,0.05,0.06,2076,2.2
6,19,15,0,164,180,10,0,0,2019,2.42
6,19,15,0,164,180,10,0,0,2070,2.34
6,19,15,0,164,180,10,0,0,2085,1.57
6,19,15,0,164,180,8,0,0,2058,1.66
6,19,15,0,164,180,8,0,0,2106,1.72
6,19,15,0,164,180,8,0,0,2046,1.94
6,19,15,0,164,180,8,0,0,2043,1.89
6,19,15,0,164,180,8,0,0,2100,1.71
6,19,15,0,164,180,8,0,0,2094,1
6,19,15,0,164,180,8,0,0,2085,2.03
6,19,15,0,164,180,8,0,0,2013,2.43
6,19,15,0,164,180,8,0,0,2082,1.88
6,19,15,0,164,180,8,0,0,2004,2.49
6,19,15,0,164,180,8,0,0,1866,4.3
6,19,15,0,164,180,8,0,0,2034,2.15
6,18,15,0,150,190,8,0,0,1938,2.9
6,18,15,0,160,180,8,0,0,2046,2.2
6,18,15,0,145,240,8,0,0,2013,2.9
6,18,15,0,165,190,8,0,0,1952,3.8
6,18,15,0,160,190,8,0,0,1866,3.9
6,19,15,0,160,180,8,0,0,2109,2.2
6,19,15,0,160,180,8,0,0,2091,2
6,19,15,0,164,180,8,0,0,2040,2.33
6,19,15,0,164,180,8,0,0,2001,2.65
6,19,15,0,164,180,8,0,0,2043,2.22
6,19,15,0,164,180,8,0,0,2067,2.14
6,19,15,0,164,180,8,0,0.8,2085,1.53
6,19,15,0,164,180,8,0,0.35,2094,1.29
6,19,15,0,164,180,10,0,0.5,2118,1.45
6,19,15,0,164,180,10,0,0.2,2088,1.12
6,19,15,0,164,180,8,0,0.6,2055,2.56
6,19,15,0,164,180,8,0,2.4,2034,2.23
6,19,15,0,164,180,8,0,0.3,2127,1.48
6,19,15,0,164,180,8,0,0,2205,1.62
6,19,15,0,164,180,8,0.2,0.15,2304,1.33
6,19,15,0,164,180,8,0.3,0.15,2013,1.86
6,19,15,0,164,180,8,0.8,0.15,2067,1.64
6,19,15,0,164,180,8,1.2,0.15,2307,1.25
6,19,15,0,164,180,8,0,0.3,2118,1.97
6,19,15,0,164,180,8,0,0.2,2118,1
6,19,15,0,164,180,8,0,0.1,2088,1
17.7,19,15,0,160,180,8,0.2,0.2,2131,2.31
17.7,19,15,0,160,180,8,0.2,0,2226,1.66
17.7,19,15,0,160,180,8,0.2,0.2,2127,2.13
19.9,18,15,0,162,180,8,0,0,1938,3.73
0.1,19,13,0,164,170,8,0,0.66,2200,1.5
0.1,19,13,0,164,170,8,0,0.66,2200,1.64
0.1,22,13,0,164,210,8,0,0.3,1965,3.2
0.1,22,13,0,164,210,8,0,0.3,1965,3.2
0.1,24,13,0,164,210,10,0,0.3,2304,1
0.1,24,16,0,164,210,8,0,0.3,2226,1
0.1,24,18,0,164,210,8,0,0.5,2235,1.42
12.4,19,12,0,164,175,8,0,0.5,2109,1.37
12.4,19,12,0,164,175,8,0,0.5,2202,1.28
12.4,19,12,0,164,175,8,0,1,2091,2.86
12.4,19,12,0,164,175,8,0,1.5,2040,3.35
12.4,19,12,0,164,175,8,0,0.7,2109,1.57
12.4,19,12,0,164,175,8,0,1.5,2121,2.16
12.4,19,12,0,164,175,8,0,1.5,2151,1.71
17.7,19,12,0,164,175,8,0,1,2109,1.49
17.7,19,12,0,164,175,8,0,0.5,2124,1.99
17.7,19,12,0,104,175,10,0,0.3,1704,5.2
17.7,19,13,0,164,175,8,0,0.5,2061,2.04
17.7,19,14,0,164,175,8,0,0.5,2082,2.21
17.7,19,15,0,164,180,8,0,0.5,2139,2.14
17.7,19,15,0,164,180,8,0,0.5,2160,2.1
17.7,18,15,0,158,210,8,0,0,1995,2
17.7,18,15,0,158,210,8,0,0,1953,2
20.4,18,15,0,150,195,10,0,0.3,1763,6.11
20.4,18,15,0,150,195,10,0,0.3,1922,3
20.4,18,15,0,150,180,8,0,0.3,2000,3
19.9,19,15,0,164,180,8,0,0,2088,2.75
19.9,19,15,0,164,180,8,0,0,2079,1.26
16.2,19,15,0,164,180,8,0,0,2088,1.61
16.2,19,15,0,164,180,8,0,0,2028,2.1
16.2,19,15,0,164,180,8,0,0,2040,1.97
16.2,19,15,0,164,180,8,0.06,0.03,2003,1.95
16.2,19,15,0,164,180,8,0.18,0.1,2124,1.96
16.2,19,15,0,164,180,8,0,0,2034,1.75
16.2,19,15,0,164,180,8,0,0,2079,1.56
16.2,19,15,0,164,180,8,0,0,2088,1.67
16.2,19,15,0,164,180,8,0,0,2082,2.19
16.2,19,15,0,164,180,8,0,0,2070,1.9
16.2,19,15,0,164,180,8,0,0,2016,1.58
-1.5,18,15,0,162,205,8,0,0,1728,3.96
-1.5,18,15,0,161,200,8,0,0,1728,4.63
-1.5,4.5,15,0,127,180,10,0,0,933,2.79
-1.5,4.5,15,0,127,180,10,0,0,933,2.98
-1.5,4.5,15,0,127,180,10,0,0.3,945,3.7
-1.5,4.5,15,0,127,180,10,0,0.3,948,3.38
-1.5,4.5,15,0,148,180,8,0,0,995,1.79
-1.5,4.5,15,0,150,180,8,0,0,1005,1.87
-1.5,4.5,15,0,120,165,10,0,0,930,2.55
-1.5,4.5,15,0,127,210,10,0,0,925,2.47
-1.5,4.5,15,0,110,140,12,0,0,930,3
-1.5,4.5,15,0,110,140,12,0,0,925,2.83
-1.5,4.5,15,0,127,180,10,0.3,0,941,3.36
-1.5,4.5,15,0,127,180,10,0.3,0,941,3.5
-1.5,4.5,15,0,127,180,10,0,0.3,941,3.46
-1.5,4.5,15,0,127,180,10,0,0.3,944,3.66
-1.5,4.5,15,0,127,180,10,0,0.3,938,2.86
-1.5,4.5,15,0,127,180,10,0,0.3,938,3.19
-1.5,4.5,15,0,127,180,10,0,0.15,941,2.93
-1.5,4.5,15,0,127,180,10,0,0.6,944,3.03
-1.5,4.5,15,0,150,180,10,0,0,995,2.14
-1.5,4.5,15,0,150,180,10,0,0,995,1.76
-1.5,4.5,15,0,140,300,10,0,0,971,1.38
-1.5,4.5,15,0.5,120,210,10,0,0.3,974,1.82
-1.5,4.5,15,0,127,180,10,0,0.3,929,3.36
-1.5,4.5,15,0,140,300,10,0,0,977,1.45
-1.5,4.5,15,0,115,140,10,0,0,956,3.32
-1.5,4.5,15,0,125,210,10,0,0,926,2.12
-4.6,4.5,15,0,127,180,10,0,0,992,2.28
-4.6,4.5,15,0,127,180,10,0,0,926,2.92
-4.6,4.5,15,0,127,180,10,0,0.3,932,3.6
-4.6,4.5,15,0,127,180,10,0,0.3,932,3.82
-4.6,4.5,15,0.5,120,210,10,0,0.3,788,1.52
-4.6,4.5,15,0,127,180,10,0,0.3,929,2.75
-4.6,4.5,15,0,127,180,10,0,0,935,2.67
-4.6,4.5,15,0,127,180,10,0.3,0,956,3.33
-4.6,4.5,15,0,127,180,10,0.3,0,941,3.46
-4.6,4.5,15,0,127,180,10,0,0.3,950,3.49
-4.6,4.5,15,0,127,180,10,0,0.3,932,3.56
-4.6,4.5,15,0,127,180,10,0,0.3,950,3.62
-4.6,18,15,0,160,210,7,0,0,1638,5.58
-4.6,9,15,0,145,115,12,0,0,1695,5.8
-4.6,4.5,15,0,127,180,10,0,0,893,2.31
-4.6,4.5,15,0,127,180,10,0.3,0,947,3.19
-4.6,4.5,15,0,127,180,10,0.3,0,947,3.29
-4.6,4.5,15,0,127,180,10,0.3,0,932,3.24
-4.6,4.5,15,0,127,180,10,0,0,935,2.46
-4.6,4.5,15,0,127,180,10,0,0.3,929,3.33
-4.6,4.5,15,0,127,180,10,0,0.3,959,3.3
-4.6,4.5,15,0,127,180,10,0,0.3,944,3.15
-4.6,4.5,15,0,127,180,10,0,0.3,950,3.27
-4.6,4.5,15,0,127,180,10,0,0.3,941,3.31
-4.6,4.5,15,0,127,180,10,0,0,950,3.49
-4.6,4.5,15,0,127,180,10,0,0,938,3.17
-4.6,4.5,15,0,140,180,8,0,0,962,2.29
-4.6,4.5,15,0,127,90,10,0,0,1070,3.86
-4.6,4.5,15,0,127,90,10,0,0,1100,5.48
-4.6,4.5,15,0,140,120,10,0.3,0,1037,3.58
-4.6,4.5,15,0,125,150,10,0.3,0,959,3.78
-4.6,4.5,15,0,127,180,10,0,0.3,941,3.34
-4.6,4.5,15,0,127,180,10,0,0.3,953,3.78
-4.6,4.5,15,0,80,210,10,0,0.3,815,2.26
-4.6,4.5,15,0,110,210,10,0,0.3,884,2.74
-4.6,4.5,15,0,140,210,10,0,0.3,1055,3.64
-4.6,4.5,15,0,127,180,10,0,0.3,941,3.18
-4.6,4.5,15,0,127,180,10,0,0.3,941,3.21
-4.6,4.5,15,0,127,180,10,0,0.3,947,3.51
-4.6,4.5,15,0,127,180,10,0,0.3,938,3.46
-4.6,4.5,15,0,127,180,10,0,0.3,938,3.61
-4.6,4.5,15,0,127,180,10,0,0.3,938,3.4
-4.6,18,15,0,160,210,8,0,0,1554,6.73
-4.6,4.5,15,0.5,120,210,10,0,0.3,770,1.77
-4.6,4.5,15,0,127,180,10,0,0.3,935,4.19
-4.6,4.5,15,0,135,150,10,0,0.3,989,5.52
-4.6,4.5,15,0,130,120,10,0,0.3,977,3.7
-4.6,4.5,15,0,127,180,10,0,0.3,947,3.87
-4.6,4.5,15,0,127,180,10,0,0.3,947,3.38
-4.6,4.5,15,0,127,180,10,0,0,941,2.76
-4.6,4.5,15,0,127,180,10,0,0,929,2.9
-4.6,4.5,15,0,127,180,10,0,0,941,2.85
-4.6,4.5,15,0,83,180,12,0,0.3,806,2.23
-4.6,4.5,15,0,127,180,10,0,0.3,953,3.42
-4.6,4.5,15,0,127,180,10,0.3,0,947,3.57
-4.6,4.5,15,0,127,180,10,0,0.3,944,3.87
-4.6,4.5,15,0,127,180,10,0,0.3,944,3.51
-4.6,4.5,15,0,127,180,10,0,0.3,944,3.3
-4.6,4.5,15,0,127,180,10,0,0.3,929,3.37
-4.6,4.5,15,0,127,180,10,0,0.3,929,3.96
-4.6,4.5,15,0,127,180,10,0,0.3,944,3.84
-4.6,18,15,0,162,210,8,0,0,1689,4.87
-4.6,18,15,0,161,210,8,0,0,1710,2.67
-4.6,4.5,15,0,127,180,10,0,0.3,953,3.55
-4.6,4.5,15,0,127,180,10,0,0.3,935,3.68
-4.6,4.5,15,0,127,180,10,0,0.3,932,2.99
-4.6,4.5,15,0,127,180,10,0,0,923,2.8
-4.6,4.5,15,0,127,180,10,0,0,938,2.89
-4.6,4.5,15,0.5,140,220,10,0,0,882,1.34
-4.6,4.5,15,0.5,140,180,10,0,0,924,1.43
-4.6,4.5,15,0,127,180,10,0,0,930,3
-4.6,4.5,15,0,127,180,10,0,0.3,936,3.17
-4.6,4.5,15,0,127,180,10,0,0.3,936,3.3
-4.6,4.5,15,0,127,180,10,0,0.3,924,3.48
-4.6,4.5,15,0,127,180,10,0,0.3,938,3.75
-4.6,4.5,15,0,127,180,10,0,0,935,3.19
-4.6,4.5,15,0,131,180,10,0,0.3,947,3.38
-4.6,4.5,15,0,131,180,10,0,0.3,953,3.9
-4.6,4.5,15,0,135,180,10,0,0.3,959,3.64
-4.6,4.5,15,0,135,180,10,0,0.3,953,3.49
-4.6,4.5,15,0,130,180,10,0,0.3,953,3.04
-4.6,4.5,15,0,141,220,10,0,0.3,1259,1.75
-4.6,4.5,15,0,127,300,10,0,0.3,914,2.06
-4.6,4.5,15,0,120,155,10,0,0.3,956,4.06
-4.6,4.5,15,0,100,120,12,0,0.3,917,3.63
-4.6,4.5,15,0.3,100,84,12,0,0.3,1076,7.52
-4.6,4.5,15,0,100,120,12,0,0.3,917,3.63
-4.6,4.5,15,0.3,100,84,12,0,0.3,1076,7.52
-4.6,4.5,15,0,100,120,12,0,0.3,917,3.63
-4.6,4.5,15,0.3,100,84,12,0,0.3,1076,7.52
-3.8,4.5,15,0,130,180,10,0,0,935,2.76
-3.8,4.5,15,0,110,180,10,0,0,890,2.61
-3.8,4.5,15,0,130,180,10,0,0.3,974,3.81
-3.8,4.5,15,0,130,180,10,0,0.24,965,3.54
-3.8,4.5,15,0.5,120,210,10,0,0.3,800,2
-3.8,4.5,15,0,127,180,10,0,0.3,944,3.98
-3.8,18,15,0,162,210,8,0,0,1695,3.61
-3.8,18,15,0,162,210,8,0,0,1623,4.12
-3.8,4.5,15,0,117,180,10,0,0.3,860,2.05
-3.8,4.5,15,0,115,180,10,0,0.3,857,1.92
-3.8,4.5,15,0,110,140,10,0,0,929,3.55
-3.8,4.5,15,0,110,140,10,0,0,920,3.17
-3.8,4.5,15,0,120,140,10,0,0,959,3.84
-3.8,4.5,15,0,140,180,10,0,0,965,3.02
-3.8,4.5,15,0,130,180,10,0,0.3,968,2.84
-3.8,4.5,15,0,130,180,10,0,0.3,965,2.88
-3.8,4.5,15,0,135,180,10,0,0.3,965,3.11
-3.8,4.5,15,0,141,180,10,0,0.3,983,2.72
-3.8,18,15,0,160,210,8,0,0,1590,4.77
-3.8,18,15,0,160,210,8,0,0,1554,6.07
-3.8,4.5,15,0,110,120,10,0,0,953,3.8
-3.8,4.5,15,0,110,120,10,0,0,953,3.8
-3.8,4.5,15,0,140,300,10,0,0,965,1.54
-3.8,4.5,15,0,130,180,10,0,0,950,2.63
-3.8,4.5,15,0,130,180,10,0,0.3,962,3.71
-3.8,4.5,15,0,130,180,10,0,0.3,947,3.61
-3.8,4.5,15,0,125,180,10,0,0.3,947,3.42
-3.8,4.5,15,0,125,180,10,0,0.3,947,3.6
-3.8,4.5,15,0.5,88,210,12,0,0.3,653,1.29
-3.8,4.5,15,0.5,78,210,12,0,0.3,644,1.31
-3.8,18,15,0,160,210,8,0,0,1614,9.07
-3.8,18,15,0,160,210,8,0,0.2,1506,11
-3.8,4.5,15,0,140,300,10,0,0,953,1.75
-3.8,4.5,15,0,150,300,10,0,0,986,1.42
-3.8,4.5,15,0,140,220,10,0,0,965,2.08
-3.8,4.5,15,0,150,300,8,0,0,1031,1.26
-3.8,4.5,15,0,130,180,10,0,0.3,959,3.85
-3.8,4.5,15,0,130,180,10,0,0.3,959,3.46
-3.8,4.5,15,0,130,180,10,0,0.3,944,3.42
-3.8,4.5,15,0,130,180,10,0,0.3,941,3.76
-3.8,4.5,15,0,130,180,10,0,0.3,956,3.64
-3.8,4.5,15,0,130,180,10,0,0.3,941,3.53
-3.8,4.5,15,0,130,180,10,0,0.3,965,3.99
-3.8,4.5,15,0,130,180,10,0,0.3,956,4.39
-3.8,18,15,0,160,210,8,0,0,1722,4.48
-3.8,18,15,0,160,210,8,0,0.3,1554,8.77
0.1,4.5,15,0,130,180,10,0,0.3,942,3.32
0.1,4.5,15,0.5,105,210,10,0,0.3,737,1.68
0.1,4.5,15,0.5,105,210,10,0,0.3,740,1.43
0.1,4.5,15,0.5,105,210,10,0,0.3,733,1.56
0.1,18,15,0,160,210,8,0,0,1545,5.5
0.1,18,15,0,160,210,8,0,0.3,1599,8.73
0.1,4.5,15,0,82,180,12,0,0.1,818,2.19
0.1,4.5,15,0,82,180,12,0,0.1,818,2.27
0.1,4.5,15,0,140,180,8,0,0,983,1.95
0.1,4.5,15,0,140,180,8,0,0,974,2.57
0.1,4.5,15,0,85,180,12,0,0,830,1.99
0.1,4.5,15,0,85,180,12,0,0,824,1.89
0.1,4.5,15,0,130,90,10,0,0.3,1094,12.8
0.1,4.5,15,0,130,90,10,0,0.25,1154,7
0.1,4.5,15,0,130,90,10,0,0.3,1094,12.8
0.1,4.5,15,0,130,90,10,0,0.25,1154,7
0.1,4.5,15,0,130,90,10,0,0.3,1094,12.8
0.1,4.5,15,0,130,90,10,0,0.25,1154,7
0.1,4.5,15,0,85,180,12,0,0,806,2.74
0.1,4.5,15,0,85,180,12,0,0,818,3.1
0.1,4.5,15,0,130,180,10,0,0,947,2.71
0.1,4.5,15,0,130,180,10,0,0,938,3.09
0.1,18,15,0,162,210,10,0,0,1629,5.63
0.1,18,15,0,162,210,10,0,0.3,1503,9.72
0.1,18,15,0,160,210,10,0,0.3,1544,6.45
0.1,18,15,0,160,210,10,0,0,1545,5.63
0.1,18,15,0,160,210,10,0,0.3,1545,7.87
0.1,4.5,15,0,130,180,10,0,0.3,959,2.96
0.1,4.5,15,0,80,210,10,0,0.3,799,2.28
0.1,4.5,15,0,145,300,9,0,0,953,1.68
0.1,4.5,15,0,145,300,9,0,0,935,1.54
0.1,4.5,15,0,130,180,10,0,0.3,941,3.07
0.1,4.5,15,0,130,180,10,0,0.3,935,3.11
0.1,4.5,15,0,130,180,10,0,0.3,944,3.11
0.1,4.5,15,0,130,180,10,0,0.3,958,3.22
0.1,4.5,15,0,130,180,10,0,0,935,2.68
0.1,4.5,15,0,130,180,10,0,0,944,2.82
0.1,4.5,15,3,120,210,10,0,0,787,1.13
0.1,4.5,15,0.3,60,210,12,0,0,622,1.28
0.1,18,15,0,160,210,8,0,0.3,1389,6.3
0.1,18,15,0,160,210,8,0,0.3,1380,5.9
0.1,4.5,15,0,130,180,10,0,0,950,2.37
0.1,4.5,15,0,130,180,10,0,0,941,2.65
0.1,4.5,15,0,130,180,10,0,0.3,908,2.28
0.1,4.5,15,0,130,180,10,0,0.3,920,3
0.1,4.5,15,0,130,180,10,0,0.3,902,2.57
0.1,4.5,15,0,130,180,10,0,0.3,890,2.55
0.1,4.5,15,0,130,180,10,0,0.3,953,3.34
0.1,4.5,15,0,130,180,10,0,0.3,959,3.02
0.1,4.5,15,0,130,180,10,0,0,941,2.55
0.1,4.5,15,0,130,180,10,0,0.3,953,2.54
6,18,15,0,160,210,10,0,0.3,1719,6
6,18,15,0,160,210,10,0,0.8,1539,10.26
6,18,15,0,155,210,8,0,0,1505,5.74
6,18,15,0,165,210,8,0,0,1487,5.67
6,4.5,15,0,140,300,10,0,0.3,959,1.64
6,4.5,15,0,110,110,10,0,0.3,995,5.25
6,4.5,15,0,130,180,10,0,0.3,965,3.89
6,4.5,15,0,120,210,10,0,0.3,830,2.33
6,4.5,15,0.09,120,210,10,0,0,835,1.94
6,4.5,15,5,120,210,10,0,0,806,1.25
6,4.5,15,0,120,180,10,0,0,1034,1.95
6,4.5,15,0,123,180,10,0,0,953,2.74
12.4,4.5,15,0.25,120,210,10,0,0,793,1.26
12.4,4.5,15,0.25,120,210,10,0,0,757,1.5
12.4,4.5,15,0.17,120,210,10,0,0,769,1.6
12.4,4.5,15,0.12,120,210,10,0,0,763,1.47
12.4,4.5,15,0.25,120,210,10,0,0,761,1.42
12.4,4.5,15,0,120,210,10,0,0.2,926,3.02
12.4,4.5,15,0,85,180,10,0,0,799,1.7
12.4,4.5,15,0,85,180,10,0,0,827,1.8
12.4,4.5,15,0,123,180,10,0,0,923,2.39
12.4,4.5,15,0,123,180,10,0,0,938,2.51
12.4,4.5,15,0,123,180,10,0,0,918,2.61
12.4,4.5,15,0,123,180,10,0,0,930,2.46
12.4,4.5,15,0,80,180,10,0,0,800,2.11
12.4,4.5,15,0,80,180,10,0,0,769,1.59
12.4,4.5,15,0,80,180,10,0,0.3,812,2.01
12.4,4.5,15,0,80,180,10,0,0.3,799,2
12.4,4.5,15,0.5,60,210,12,0,0,634,1.38
12.4,4.5,15,0.5,110,210,12,0,0,782,1.44
12.4,4.5,15,0,102,210,12,0,0,695,1.28
12.4,18,15,0,100,210,8,0,0.3,1641,9.04
17.7,18,15,0,160,210,8,0,0,1593,5.31
17.7,18,15,0,158,210,8,0,0.15,1581,8.14
17.7,18,15,0,156,210,8,0,0.15,1583,7.17
17.7,18,15,0,157,210,8,0,0.15,1310,7.5
17.7,4.5,15,0,130,90,10,0,0.15,1076,3.64
17.7,4.5,15,0,140,90,10,0,0.15,1139,4.5
17.7,18,15,0,156,210,8,0,0.3,1542,10
17.7,18,15,0,151,210,8,0,0.3,1569,8.55
17.7,18,15,0,145,210,10,0,0.3,1602,9.33
17.7,18,15,0,140,210,10,0,0.3,1482,13.9
17.7,18,15,0,130,210,12,0,0.3,1521,9.88
17.7,18,15,0,135,210,12,0,0.3,1521,8.58
17.7,4.5,15,0,140,300,10,0,0,959,1.91
17.7,4.5,15,0,140,300,10,0,0,944,1.23
17.7,4.5,15,0,140,300,10,0,0.3,959,2.03
17.7,4.5,15,0,140,190,8,0,0.3,977,2.94
17.7,4.5,15,0,145,190,8,0,0.3,983,2.93
17.7,4.5,15,0,135,90,10,0,0.3,1106,4.04
17.7,4.5,15,0,135,90,10,0,0.3,1106,4.28
17.7,19,15,0,164,175,8,0,0.3,1667,7
17.7,19,15,0,164,175,8,0,0.3,1662,5.73
17.7,18,15,0,160,210,8,0,0,1724,3.91
17.7,18,15,0,160,210,8,0,0,1502,7.26
17.7,18,15,0,160,210,8,0,0,1592,5.88
17.7,18,15,0,160,210,8,0,0,1619,6.06
17.7,18,15,0,158,210,8,0,0,1592,5.35
17.7,18,15,0,158,210,8,0,0,1565,6.16
17.7,18,15,0,158,210,8,0,0,1574,6.68
17.7,18,15,0,158,210,8,0,0,1559,6.06
17.7,4.5,15,0,75,210,10,0,0.3,806,1.94
17.7,4.5,15,0,85,210,10,0,0.3,818,2.2
17.7,18,15,0,161,210,8,0,0,1589,5.57
17.7,18,15,0,158,210,8,0,0,1661,5.41
17.7,18,15,0,158,210,8,0,0,1577,5.83
17.7,18,15,0,156,210,8,0,0,1553,6.58
17.7,18,15,0,156,210,8,0,0,1577,5.68
17.7,18,15,0,156,210,8,0,0,1625,5.46
17.7,18,15,0,155,210,8,0,0.3,1628,5.5
17.7,18,15,0.5,155,210,8,0,0.3,1220,2.47
17.7,18,15,0,155,210,8,0,0,1661,6.15
17.7,18,15,0,155,210,8,0,0,1601,6.84
17.7,18,15,0,155,210,8,0.3,0,1619,9.63
17.7,4.5,15,0,120,180,10,0.6,0,926,2.8
17.7,4.5,15,0,120,180,10,0.6,0,932,2.94
17.7,4.5,15,0,125,180,10,0,0.6,944,2.98
17.7,4.5,15,0,125,180,10,0,0.6,944,3.04
17.7,4.5,15,0,115,180,10,0,0.6,914,3
17.7,4.5,15,0,115,180,10,0,0.6,914,2.95
20.4,4.5,15,0,115,180,10,0,0,911,2.99
20.4,4.5,15,0,125,180,10,0,0,932,2.96
20.4,4.5,15,0,125,180,10,0,0,929,2.82
20.4,4.5,15,0,125,180,10,0,0.3,938,2.95
20.4,4.5,15,0,125,180,10,0,0.3,935,3.09
20.4,4.5,15,0,125,180,10,0,0.3,947,3
20.4,4.5,15,0,125,180,10,0,0.3,935,3
20.4,4.5,15,0,125,180,10,0,0.3,929,3.23
20.4,4.5,15,0,125,180,10,0,0.3,932,3.27
20.4,4.5,15,0,130,180,10,0.33,0,959,3.11
20.4,4.5,15,0,130,180,10,0.33,0,950,3
20.4,4.5,15,0,130,180,10,0.33,0,950,3.32
20.4,4.5,15,0,130,180,10,0.33,0,944,3.13
20.4,4.5,15,0,130,180,10,0,0,935,2.11
20.4,4.5,15,0,130,180,10,0.33,0,944,2.92
20.4,4.5,15,0,130,180,10,0,0,941,2.93
20.4,4.5,15,0,130,180,10,0,0,932,2.59
20.4,4.5,15,0,130,180,10,0,0,962,2.61
20.4,4.5,15,0,130,180,10,0,0,932,2.63
20.4,4.5,15,0,110,180,10,0,0.3,899,2.86
20.4,4.5,15,0,110,180,10,0,0.3,908,2.69
20.4,18,15,0.5,155,210,8,0,0.3,1145,5.27
20.4,18,15,0.3,155,210,8,0,0.3,1370,12.4
20.4,18,15,0.2,155,210,8,0,0.3,1355,8.8
20.4,18,15,0.4,150,210,8,0,0.3,1154,7
20.4,18,15,0.4,155,210,8,0,0.3,1139,5.8
20.4,18,15,0,83,180,10,0,0,836,1.25
20.4,18,15,0,83,180,10,0,0,878,1.48
20.4,18,15,0.4,150,210,8,0,0.3,1097,7
20.4,18,15,0.4,155,210,8,0,0.3,1109,7
20.4,18,15,0.4,150,190,8,0,0.3,1139,5.58
20.4,18,15,0.4,155,200,8,0,0.3,1112,3.89
20.4,4.5,15,0,110,180,10,0,0.6,938,2.98
20.4,4.5,15,0,80,180,10,0,0.6,857,2.21
20.4,4.5,15,0,130,180,10,0,0.3,941,3.23
20.4,4.5,15,0,130,180,10,0,0.3,941,3.78
20.4,4.5,15,0,130,180,10,0,0.45,971,3.99
20.4,4.5,15,0,130,180,10,0,0.45,962,4.24
20.4,4.5,15,0,130,180,10,0,0,947,2.47
20.4,4.5,15,0,130,180,10,0,0,941,2.74
20.4,4.5,15,0,130,180,10,0,0.45,953,3.38
20.4,4.5,15,0,130,180,10,0,0.45,971,2.84
20.4,4.5,15,0,130,180,10,0,0,935,2.62
20.4,4.5,15,0,130,180,10,0,0,962,2.72
20.4,4.5,15,0,130,180,10,0,0.9,1001,2.49
20.4,4.5,15,0,110,180,10,0,0.15,899,2.86
20.4,4.5,15,0,110,180,10,0,0.15,899,3.32
20.4,4.5,15,0,110,180,10,0,0.2,905,3.13
20.4,4.5,15,0,110,180,10,0,0.2,899,3.14
20.4,18,15,0,157,210,8,0.1,0.1,1568,9.98
20.4,18,15,0,157,210,8,0.1,0.1,1523,8.36
20.4,18,15,0,157,210,8,0.1,0.1,1569,5.81
20.4,18,15,0,157,210,8,0.1,0.1,1523,9.43
20.4,18,15,0.4,150,170,8,0,0.3,1628,12.2
20.4,18,15,0.4,150,180,8,0,0.3,1397,10.42
20.4,18,15,0.4,152,190,8,0,0.3,1325,9.73
20.4,18,15,0.4,152,185,8,0,0.3,1406,10.39
20.4,18,15,0.4,151,195,8,0,0.3,1355,9.5
20.4,18,15,0.4,151,200,8,0,0.3,1232,8.33
20.4,18,15,0,157,210,8,0,0.1,1613,7.9
20.4,18,15,0,157,210,8,0,0.1,1592,9.55
20.4,18,15,0,151,200,8,0,0.3,1298,12
20.4,18,15,0,151,210,8,0,0.3,1595,12.5
20.4,18,15,0.4,149,200,9,0,0.3,1331,9.81
20.4,4.5,15,0,125,180,10,0,0,941,2.64
20.4,4.5,15,0,125,180,10,0,0,932,2.92
20.4,4.5,15,0,125,180,10,0,0,941,2.89
20.4,4.5,15,0,125,180,10,0,0,935,2.83
20.4,4.5,15,0,80,180,10,0,0.3,818,2.2
20.4,4.5,15,0,125,180,10,0,0,944,2.63
20.4,4.5,15,0,125,180,10,0,0,941,2.86
19.9,4.5,15,0,130,180,10,0,0.25,962,3.42
19.9,4.5,15,0,130,180,10,0,0.25,956,3.29
19.9,4.5,15,0,130,180,10,0,0.25,956,3.15
19.9,4.5,15,0,130,180,10,0,0.33,956,2.93
19.9,4.5,15,0,130,180,10,0.22,0.12,950,3.03
19.9,4.5,15,0,130,180,10,0.12,0.22,953,3.2
19.9,18,15,0.4,145,200,8,0,0.3,1043,4.15
19.9,18,15,0.4,147,200,8,0,0.3,1106,5.83
19.9,18,15,0.4,150,200,8,0,0.3,1034,3.42
19.9,18,15,0.4,149,200,8,0,0,1268,6.09
19.9,18,15,0.4,150,200,8,0,0,1388,7.54
19.9,4.5,15,0,125,180,11,0,0,917,2.55
19.9,4.5,15,0,125,180,11,0,0,929,2.69
19.9,18,15,0.4,151,200,8,0,0,1307,8.59
19.9,18,15,0.4,151,200,8,0,0,1256,8.77
19.9,18,15,0.4,150,200,8,0,0.3,1208,6
19.9,18,15,0.4,151,200,8,0,0.3,1187,5.87
19.9,18,15,0.4,150,200,8,0,0.3,1424,9.81
19.9,18,15,0.4,152,200,8,0,0.3,1229,9.85
19.9,18,15,0,157,210,8,0,0,1502,5.04
19.9,4.5,15,0,130,180,10,0,0,941,2.85
19.9,4.5,15,0,130,180,10,0,0,935,2.87
19.9,18,15,0,157,210,8,0,0.03,1544,8.09
19.9,18,15,0,157,210,8,0,0.03,1496,8.63
19.9,18,15,0,157,210,8,0.15,0.3,1574,9.33
19.9,18,15,0,157,210,8,0.15,0.3,1457,9.59
19.9,4.5,15,0,85,180,10,0,0.3,845,2.21
19.9,4.5,15,0,125,180,10,0,0,941,2.98
19.9,4.5,15,0,125,180,10,0,0,935,2.86
19.9,4.5,15,0,125,180,10,0,0,935,2.91
19.9,4.5,15,0,145,300,10,0,0,977,1.41
19.9,4.5,15,0,145,300,10,0,0,962,1.46
19.9,4.5,15,0,145,300,10,0,0,968,1.59
19.9,4.5,15,0,145,300,10,0,0,971,1.41
19.9,4.5,15,0,130,180,10,0.3,0.3,941,2.83
19.9,4.5,15,0,130,180,10,0.3,0.3,947,2.9
19.9,4.5,15,0,130,180,10,0.3,0.3,935,2.95
19.9,4.5,15,0,130,180,10,0.3,0.3,953,3.55
19.9,4.5,15,0,125,180,10,0.3,0.3,947,2.92
19.9,4.5,15,0,125,180,10,0.3,0.3,950,3.13
19.9,4.5,15,0.5,119,210,12,0,0,771,1
19.9,4.5,15,0.5,120,210,12,0,0,769,1
19.9,4.5,15,0.5,120,211,14,0,0,783,1
19.9,4.5,15,0.5,120,211,14,0,0,775,1
19.9,4.5,15,0,120,180,10,0,0,923,3.04
19.9,4.5,15,0,120,180,10,0,0,911,2.79
19.9,4.5,15,0,118,215,12,0,0,776,1.56
19.9,4.5,15,0,118,220,12,0,0,769,1.64
19.9,4.5,15,0,58,210,10,0,0,736,1.28
19.9,4.5,15,0,56,210,10,0,0,710,1.09
19.9,4.5,15,0.5,118,240,12,0,0,754,1.54
19.9,4.5,15,0.5,118,250,12,0,0,754,1.48
19.9,4.5,15,0,60,210,10,0,0,703,1
19.9,4.5,15,0,60,210,10,0,0,701,1
19.9,18,15,0,162,210,8,0,0,1616,5.06
19.9,18,15,0,162,210,8,0,0,1706,3.93
19.9,18,15,0,162,210,8,0,0,1634,5.04
19.9,18,15,0,162,210,8,0,0,1616,4.83
19.9,18,15,0,162,210,8,0,0,1688,4.24
19.9,18,15,0,162,210,8,0,0,1778,4.03
19.9,18,15,0,160,210,8,0,0,1656,4.45
19.9,18,15,0,157,210,8,0,0,1611,5.09
19.9,18,15,0.4,151,200,9,0,0.3,1313,8.37
19.9,18,15,0.4,151,200,9,0,0.3,1259,6.98
19.9,18,15,0.4,147,200,9,0,0.3,1256,7.82
19.9,18,15,0.4,151,200,9,0,0.3,1286,5.91
19.9,4.5,15,0,130,180,10,0,0,935,2.39
19.9,4.5,15,0,130,180,10,0,0.25,947,3.1
19.9,4.5,15,0,130,180,10,0,0,941,2.62
19.9,4.5,15,0,130,180,10,0,0,935,2.38
19.9,4.5,15,0,130,180,10,0,0,935,2.61
19.9,4.5,15,0,130,180,10,0,0.63,953,2.92
19.9,4.5,15,0,130,180,10,0,1.25,953,2.06
19.9,4.5,15,0,130,180,10,0,0,947,2.78
19.9,4.5,15,0,130,180,10,0,0,935,2.22
16.2,18,15,0,162,210,8,0,0,1493,5.78
16.2,18,15,0,163,210,8,0,0,1541,5.92
16.2,4.5,15,0,124,180,10,0,0,939,2.65
16.2,4.5,15,0,124,180,10,0,0,939,2.8
16.2,4.5,15,0,120,180,10,0,0,929,2.66
16.2,4.5,15,0,121,180,10,0,0,929,2.62
16.2,4.5,15,0,120,180,10,0,0,929,2.73
16.2,4.5,15,0,120,180,10,0,0,929,2.85
16.2,18,15,0,162,210,8,0,0,1634,6
16.2,18,15,0,162,210,8,0,0,1598,6
16.2,18,15,0,162,210,8,0,0,1559,6.42
16.2,18,15,0,162,210,8,0,0,1538,6.85
17.7,18,15,0.3,110,200,8,0,0.3,1073,7.33
17.7,18,15,0.3,120,200,8,0,0.3,1175,7
17.7,18,15,0.2,100,200,8,0.3,0.36,1244,11.84
17.7,18,15,0.2,110,200,8,0.3,0.36,1193,7
17.7,18,15,0.2,100,200,8,0.3,0.36,1055,6.97
17.7,18,15,0.2,100,200,8,0,0.3,1064,5.27
17.7,18,15,0,145,210,8,0.3,0.3,1524,9.23
17.7,18,15,0,140,210,8,0.3,0.3,1617,8.48
17.7,18,15,0,147,210,8,0.3,0.3,1662,7.29
17.7,18,15,0,140,210,8,0.3,0.3,1578,8.65
17.7,18,15,0.3,120,200,8,0.3,0,1202,6.35
17.7,18,15,0.3,120,200,8,0.3,0,1112,6.41
17.7,18,15,0.3,120,200,8,0,0.3,1133,7
17.7,18,15,0.3,130,200,8,0,0.3,1211,8.71
17.7,18,15,0.15,130,200,8,0,0.3,1415,9.6
17.7,18,15,0.15,130,200,8,0,0.3,1376,10.21
20.4,4.5,15,0,110,170,10,0,0,971,2.8
20.4,4.5,15,0,110,200,10,0,0,959,2.9
20.4,18,15,0.15,100,200,8,0,0,1190,7.4
20.4,18,15,0.15,110,200,8,0,0,1226,6.48
20.4,18,15,0.4,145,200,8,0,0,1298,8.08
20.4,18,15,0.4,145,200,8,0,0,1301,6.11
20.4,18,15,0.15,120,200,8,0,0,1412,7.24
20.4,18,15,0.15,120,200,8,0,0,1367,9.79
20.4,18,15,0.15,100,200,8,0,0,1214,6.97
20.4,18,15,0.15,100,200,8,0,0,1196,7.27
20.4,18,15,0.15,110,200,8,0,0,1274,5.34
20.4,18,15,0.15,115,200,8,0,0,1394,7.34
20.4,4.5,15,0.5,120,210,10,0,0,812,1.31
20.4,4.5,15,0.5,120,210,10,0,0,800,1.32
20.4,4.5,15,0.5,110,210,10,0,0,782,1.57
20.4,4.5,15,0.5,100,210,10,0,0,755,1.54
20.4,4.5,15,0.5,100,210,10,0,0,737,1.43
20.4,4.5,15,0.5,100,210,10,0,0,728,1.36
20.4,4.5,15,0.5,100,210,10,0,0,781,1.51
20.4,4.5,15,0.5,100,210,10,0,0,787,1.49
20.4,4.5,15,0,110,190,10,0,0,965,3.05
20.4,4.5,15,0,110,190,10,0,0.3,959,3.33
20.4,18,15,0.15,120,200,8,0,0.3,1391,7.15
20.4,18,15,0.15,110,200,8,0,0.3,1325,6.97
20.4,18,15,0.15,100,200,12,0,0.3,1196,5.88
20.4,18,15,0.15,110,200,8,0,0,1295,7.51
20.4,18,15,0.15,100,200,8,0,0,1265,9.33
20.4,18,15,0.15,100,200,8,0,0,1157,6.57
20.4,18,15,0.15,100,200,8,0,0,1121,6.71
20.4,18,15,0.15,110,200,8,0,0,1175,6.49
20.4,18,15,0.15,110,200,8,0,0,1286,6.83
20.4,18,15,0.15,100,200,10,0,0,1067,5.07
20.4,18,15,0.15,110,200,10,0,0,1367,6.08
20.4,18,15,0.15,110,200,10,0,0,1277,6.96
20.4,18,15,0.15,95,200,10,0,0,1265,11.9
20.4,18,15,0.15,95,200,10,0,0,1295,9.02
20.4,18,15,0.15,100,200,12,0,0,1190,6.88
20.4,18,15,0.15,100,200,12,0,0,1241,8.09
20.4,18,15,0.15,90,200,12,0,0,1097,5.36
20.4,18,15,0.15,85,200,12,0,0,1067,5.61
20.4,18,15,0,145,210,8,0,0,1625,6.28
20.4,18,15,0,140,210,8,0,0,1574,6.69
20.4,18,15,0.15,90,200,12,0,0,1175,6.31
20.4,18,15,0.15,85,200,12,0,0,1265,10.15
20.4,18,15,0.15,80,200,12,0,0,1022,4.51
20.4,18,15,0.15,80,200,12,0,0,947,2.49
20.4,18,15,0.15,115,200,8,0,0.3,1241,10.75
20.4,18,15,0.15,130,200,8,0,0.3,1502,11.3
20.4,18,15,0.15,120,200,8,0,0.3,1466,9.39
20.4,4.5,15,0,90,220,10,0,0,911,2.61
20.4,4.5,15,0,80,220,10,0,0,845,2
20.4,4.5,15,0,100,220,10,0,0,953,2.84
20.4,4.5,15,0,100,220,10,0,0,953,2.79
20.4,18,15,0.15,140,210,8,0.3,0.3,1328,8.06
20.4,18,15,0.15,140,210,8,0.3,0.3,1376,8.78
20.4,18,15,0.15,150,210,8,0.3,0.3,1391,7.68
20.4,18,15,0.15,155,210,8,0.3,0.3,1388,8.01
20.4,18,15,0.15,165,210,8,0.3,0.3,1478,9.27
20.4,18,15,0.15,140,210,8,0.3,0.3,1355,7.24
20.4,18,15,0.15,110,210,8,0,0,1241,7.03
20.4,18,15,0.15,120,210,8,0,0,1205,6.39
20.4,18,15,0.15,115,210,8,0,0,1175,4.89
20.4,18,15,0.15,115,210,8,0,0,1151,4.9
20.4,18,15,0.15,120,210,8,0,0,1166,6.55
20.4,18,15,0.15,90,200,12,0,0,1070,5.37
20.4,18,15,0.15,120,200,8,0,0.3,1355,8
20.4,18,15,0.15,110,210,8,0,0.3,1256,9.23
20.4,18,15,0.15,120,210,8,0,0.3,1241,9.48
20.4,18,15,0,140,210,8,0.3,0.3,1586,8.04
20.4,18,15,0,145,210,8,0.3,0.3,1574,8.06
19.9,18,15,0.15,130,200,8,0,0.3,1376,9.73
19.9,18,15,0.15,120,200,8,0,0.3,1388,10.91
19.9,18,15,0.15,90,210,8,0,0.3,1046,5.4
19.9,18,15,0.15,145,210,8,0,0.3,1325,9.5
19.9,18,15,0.15,90,200,12,0,0,1139,6.9
19.9,18,15,0.15,85,200,12,0,0,1016,4.4
19.9,18,15,0.15,90,200,12,0,0,1112,6.4
19.9,18,15,0.15,95,200,12,0,0,1154,7
19.9,4.5,15,0,100,200,10,0,0.06,941,2.85
19.9,18,15,0.15,140,210,8,0,0.3,1370,9.1
19.9,18,15,0.15,145,210,8,0,0.3,1397,11.06
19.9,18,15,0.15,90,200,12,0,0,1136,7
19.9,4.5,15,0.15,120,210,10,0,0,749,1.6
19.9,18,15,0.15,90,210,12,0,0,1085,5.3
19.9,18,15,0.15,85,200,12,0,0,1121,6.4
19.9,18,15,0.15,85,220,12,0,0.3,1034,4.4
19.9,18,15,0.15,85,200,12,0,0.3,959,3.4
16.2,4.5,15,0,100,200,10,0,0.6,941,2.6
16.2,4.5,15,0,100,200,10,0,0.6,929,3
16.2,4.5,15,0,100,200,10,0,0.9,947,3.1
16.2,4.5,15,0,100,200,10,0,0.9,941,3.1
16.2,4.5,15,0,100,200,10,0,1.2,929,2.5
16.2,4.5,15,0,100,200,10,0,1.2,941,2.7
16.2,4.5,15,0,100,200,10,0,1.8,947,2.9
16.2,4.5,15,0,100,200,10,0,1.8,941,2.8
16.2,4.5,15,0,100,200,12,0.3,0,995,3.5
16.2,4.5,15,0,100,200,12,0.3,0,959,3.6
16.2,4.5,15,0,100,200,12,0.3,0,956,4.1
16.2,4.5,15,0,100,200,12,0.5,0,935,3.5
16.2,4.5,15,0,100,200,12,0.5,0,935,3.9
16.2,19,15,0,145,210,8,0,0,1410,6
16.2,4.5,15,0,100,200,12,0,0,924,2.7
16.2,4.5,15,0.5,100,210,10,0.3,0,752,1.8
16.2,4.5,15,0.5,100,210,10,0.3,0,748,1.7
16.2,4.5,15,0.09,100,210,10,0.3,0,845,1.9
16.2,4.5,15,0.09,100,210,10,0.3,0,842,2
16.2,18,15,0.15,110,210,8,0,0.3,1190,7
16.2,18,15,0.15,120,210,8,0,0.3,1274,8.4
16.2,18,15,0.15,120,210,8,0,0.3,1257,10.5
16.2,4.5,15,0.5,100,210,10,0,0.3,721,1.4
16.2,4.5,15,0.09,100,210,10,0,0.3,821,1.6
16.2,4.5,15,0.5,120,210,10,0,0,712,1.2
16.2,4.5,15,0.5,83,210,12,0,0,778,1
16.2,4.5,15,0.5,60,210,12,0,0.3,664,1.1
16.2,4.5,15,0.09,115,210,10,0,0,861,2.3
10.4,18,15,0,145,210,8,0,0,1408,7.5
10.4,18,15,0,132,210,8,0,0,1440,6.4
10.4,18,15,0,150,210,8,0,0,1608,5.4
10.4,18,15,0,155,210,8,0,0,1584,5.05
10.4,4.5,15,0.09,115,210,10,0,0,863,2.2
10.4,4.5,15,0.09,115,210,10,0,0.3,830,2
10.4,4.5,15,0.09,115,210,10,0,0,863,2.4
10.4,4.5,15,0.09,120,210,10,0,0.3,851,2.1
10.4,4.5,15,0.09,115,210,10,0,0,857,2.4
10.4,4.5,15,0.09,120,210,10,0,0.3,872,2.7
10.4,4.5,15,0,100,200,12,0,0,935,2.7
10.4,18,15,0,150,210,8,0,0,1509,5.9
10.4,18,15,0,155,210,8,0,0,1539,6.3
10.4,18,15,0,140,210,8,0,0,1547,5.4
10.4,18,15,0,150,210,8,0,0,1556,5.5
10.4,18,15,0,130,210,10,0,0,1733,4.9
10.4,18,15,0,140,210,12,0,0,1562,8.5
10.4,18,15,0.15,140,210,8,0,0,1361,7
10.4,4.5,15,0,100,200,12,0,0.3,947,3
10.4,18,15,0,150,210,8,0,0,1503,4.6
10.4,18,15,0,155,210,8,0,0,1494,4.5
10.4,18,15,0,150,210,8,0,0,1623,5.1
10.4,18,15,0,155,210,8,0,0,1773,4.7
10.4,18,15,0,150,210,8,0,0,1563,6.4
10.4,18,15,0,155,210,8,0,0,1599,5.2
10.4,18,15,0,153,210,8,0,0,1599,5.7
10.4,18,15,0,153,210,8,0,0,1539,7.2
10.4,18,15,0,150,210,8,0,0,1311,3.3
3.9,19,15,0,164,180,8,0,0.3,1560,5.5
3.9,19,15,0,164,180,8,0,0.3,1554,7
3.9,18,15,0,155,210,8,0,0,1699,4.3
3.9,18,15,0,158,210,8,0,0,1540,5.2
3.9,18,15,0,155,210,8,0,0,1505,5
3.9,18,15,0,158,210,8,0,0,1601,4.8
3.9,18,15,0.15,90,200,10,0,0,1067,4.4
3.9,18,15,0.15,85,200,10,0,0,1052,4.4
3.9,18,15,0.15,110,200,10,0,0,1292,7.4
3.9,18,15,0.15,120,200,10,0,0,1331,8.4
3.9,18,15,0.15,100,200,10,0,0,1301,4.6
3.9,18,15,0.15,100,200,10,0,0,1208,6.7
3.9,18,15,0.2,100,200,8,0,0.3,1226,8.3
3.9,18,15,0.2,110,200,8,0,0.3,1247,7.9
3.9,18,15,0.2,85,200,8,0,0.3,1184,6.5
3.9,18,15,0.2,90,200,8,0,0.3,1178,7
3.9,18,15,0.2,90,200,10,0,0,1295,5.4
3.9,18,15,0.2,90,200,10,0,0,1145,5.4
3.9,18,15,0.2,90,200,12,0,0,1112,5.1
3.9,18,15,0.2,90,200,12,0,0,995,3.3
3.9,18,15,0.15,95,210,12,0,0,1223,5.7
3.9,4.5,15,0.09,110,210,10,0,0,830,2
3.9,18,15,0.15,140,210,10,0,0,1430,7
3.9,18,15,0.15,140,210,10,0,0.3,1421,9.3
3.9,18,15,0.15,120,210,12,0,0,1244,7.6
3.9,18,15,0.15,120,210,12,0,0,1271,7.6
3.9,18,15,0.15,130,210,12,0,0,1340,6.2
3.9,18,15,0.15,130,210,12,0,0.3,1402,9
-1.5,18,15,0.15,95,210,12,0,0.3,1193,7.3
-1.5,18,15,0.15,95,210,12,0,0.3,1094,6.2
-1.5,18,15,0,145,210,8,0,0,1700,4.1
-1.5,18,15,0,140,210,8,0,0,1730,4.1
-1.5,18,15,0,138,210,8,0,0,1574,6.3
-1.5,18,15,0,150,210,8,0,0,1593,5.5
-1.5,18,15,0,150,210,10,0,0,1689,5
-1.5,18,15,0,150,210,8,0,0,1755,4.5
-1.5,18,15,0,140,210,8,0,0,1599,7.1
-1.5,18,15,0,140,210,10,0,0,1659,5.7
-1.5,18,15,0,140,210,10,0,0,1677,5
-1.5,4.5,15,0,90,200,12,0,0.6,875,2.1
-1.5,4.5,15,0,90,200,12,0,0.5,899,2.5
-1.5,4.5,15,0,145,90,8,0,0.3,1157,6.4
-1.5,4.5,15,0,145,90,8,0,0.3,1190,7
-1.5,4.5,15,0,100,200,10,0,0.5,956,2.8
-1.5,4.5,15,0,110,200,10,0,0.5,971,2.9
-1.5,4.5,15,0,145,90,8,0,0.3,1166,7
-1.5,4.5,15,0,135,90,8,0,0.3,1166,7
-1.5,4.5,15,0,120,90,8,0,0.3,1133,7
-1.5,4.5,15,0,110,90,8,0,0.3,1124,7
-4.6,4.5,15,0,100,200,10,0,0,935,3.2
-4.6,4.5,15,0,100,200,10,0,0,920,3
-4.6,4.5,15,0.09,115,210,10,0,0,866,2.1
-4.6,4.5,15,0,100,200,10,0,0,941,2.9
-4.6,4.5,15,0,105,200,10,0,0,953,3.4
-4.6,4.5,15,0,100,200,10,0,0,941,3.02
-4.6,18,15,0,150,210,8,0,0,1653,5
-4.6,18,15,0,140,210,10,0,0,1611,6.3
-4.6,18,15,0,145,210,8,0,0,1728,5.2
-4.6,18,15,0,140,210,10,0,0,1659,4.8
-4.6,18,15,0,110,210,10,0,0,1491,7
-4.6,18,15,0,140,210,10,0,0,1557,6.8
-4.6,18,15,0,140,210,10,0,0,1499,5.8
-4.6,4.5,15,0.09,105,210,12,0,0.3,824,1.9
-4.6,4.5,15,0.09,105,210,12,0,0.3,818,1.9
-4.6,4.5,15,0,100,200,12,0,0,941,2.9
-4.6,4.5,15,0,102,200,12,0,0,959,2.9
-4.6,4.5,15,0,100,200,12,0,0,947,2.9
-4.6,4.5,15,0,100,200,12,0,0,947,2.8
-4.6,4.5,15,0.5,100,210,10,0,0.3,713,1.2
-4.6,4.5,15,0.5,100,210,10,0,0.3,745,1.4
-4.6,18,15,0,100,240,12,0,0,1103,4.3
-4.6,18,15,0,90,240,12,0,0,1328,5
-4.6,18,15,0,120,240,10,0,0,1316,4.5
-4.6,4.5,15,0.5,100,210,10,0,0.3,715,1.3
-3.8,4.5,15,0,100,200,12,0.6,0.3,947,3.1
-3.8,4.5,15,0,100,200,12,0.3,0.6,959,3.5
-3.8,4.5,15,0,100,200,12,0.3,0.3,968,4.1
-3.8,4.5,15,0,100,200,12,0.3,0.9,974,4.1
-3.8,18,15,0,120,240,8,0,0,1316,7.8
-3.8,18,15,0,90,240,12,0,0,1127,6.1
-3.8,18,15,0,120,240,8,0,0,1403,9
-3.8,18,15,0,110,240,8,0,0,1289,6.5
-3.8,18,15,0,100,240,8,0,0,1160,7
-3.8,18,15,0,110,240,8,0,0,1301,7.8
-3.8,18,15,0,120,240,8,0,0,1340,9.5
0.1,18,15,0,140,210,8,0,0,1580,9.7
0.1,18,15,0,100,240,8,0,0,1190,7.1
0.1,4.5,15,0,120,200,10,0,0,985,2.9
0.1,18,15,0,150,210,8,0,0,1596,5.7
0.1,18,15,0,150,210,8,0,0,1575,5.3
0.1,18,15,0,150,200,8,0,0,1713,3.9
0.1,18,15,0,150,200,8,0,0,1509,6.4
0.1,18,15,0,140,190,10,0,0,1742,4.5
0.1,18,15,0,145,190,10,0,0,1652,5
6,4.5,15,0.09,110,210,12,0,0.3,869,2.1
6,4.5,15,0.09,110,210,12,0,0.3,839,2
6,4.5,15,0,90,210,12,0,0.3,775,1.5
6,4.5,15,0,90,210,12,0,0.3,763,1.4
6,18,15,0,150,200,8,0,0,1688,5.6
6,18,15,0,150,200,8,0,0,1754,4
6,18,15,0,150,200,8,0,0,1751,2.2
6,18,15,0,145,200,9,0,0,1661,5.9
6,18,15,0,145,200,9,0,0,1670,5.6
6,4.5,15,0.5,63,210,12,0,0,644,1.5
6,18,15,0,145,200,9,0,0,1689,6
6,18,15,0,145,200,9,0,0,1656,6.6
6,18,15,0,145,200,9,0,0,1715,5.8
6,18,15,0,145,200,9,0,0,1719,5.4
6,18,15,0,145,200,9,0,0,1703,6.3
6,18,15,0,145,200,9,0,0,1583,7.4
12.4,18,15,0,145,200,9,0,0,1692,5.8
12.4,18,15,0,145,200,9,0,0,1659,6.1
12.4,18,15,0,145,200,9,0,0,1575,8
12.4,18,15,0,150,200,9,0,0,1593,7.3
12.4,18,15,0,150,200,8,0,0,1392,6.7
12.4,18,15,0,150,200,8,0,0,1689,5
12.4,18,15,0,150,200,8,0,0,1611,6.8
12.4,18,15,0,140,210,9,0,0,1548,8.2
12.4,18,15,0,140,210,9,0,0,1509,10.6
12.4,18,15,0,120,240,8,0,0,1280,7.3
12.4,18,15,0,120,240,8,0,0,1281,8.9
12.4,18,15,0,150,200,8,0,0,1665,5.3
12.4,18,15,0,157,200,8,0,0,1707,4.3
12.4,4.5,15,0,67,210,12,0,0,649,1.4
12.4,4.5,15,0,67,210,12,0,0,649,1.4
12.4,4.5,15,0.5,67,210,12,0,0.3,671,1.1
12.4,4.5,15,0.5,67,210,12,0,0.3,659,1.1
12.4,18,15,0,160,210,8,0,0,1319,2.8
12.4,18,15,0,160,210,8,0,0,1334,2.7
12.4,4.5,15,0.09,90,210,12,0,0.3,799,1.5
12.4,4.5,15,0.09,100,210,12,0,0.3,824,2.1
12.4,4.5,15,0.09,100,200,12,0,0,956,3
12.4,4.5,15,0.09,100,200,12,0,0.3,950,3.2
12.4,18,15,0,110,240,8,0,0.3,1286,9.5
12.4,18,15,0,130,240,8,0,0.3,1346,12.3
12.4,4.5,15,0.5,73,210,10,0,0.3,652,1.2
12.4,4.5,15,0.5,85,210,10,0,0.3,692,1.2
12.4,4.5,15,0.09,95,210,12,0,0,785,1.7
12.4,4.5,15,0.09,95,210,12,0,0.3,790,1.7
12.4,4.5,15,0.5,62,210,12,0,0.3,634,1.2
12.4,4.5,15,0.5,62,210,12,0,0.3,635,1.2
12.4,4.5,15,0.5,63,210,12,0,0.3,650,1.2
12.4,4.5,15,0.09,75,210,12,0,0.3,718,1.2
12.4,18,15,0,100,240,8,0,0,1217,8.8
12.4,18,15,0,90,240,12,0,0,1091,6.3
12.4,18,15,0,120,240,8,0,0,1325,8
12.4,18,15,0,145,200,9,0,0,1715,5.4
12.4,18,15,0,145,200,9,0,0.3,1655,6.3
12.4,18,15,0,135,200,12,0,0,1559,18
12.4,18,15,0,125,200,12,0,0,1376,9.4
12.4,18,15,0,125,200,12,0,0,1586,9.5
12.4,18,15,0,130,200,12,0,0,1598,9.1
17.7,18,15,0,125,200,12,0,0,1596,7.9
17.7,18,15,0,125,200,12,0,0,1545,7.8
17.7,18,15,0,90,240,12,0,0,1146,6.7
17.7,18,15,0,90,240,12,0,0,1113,6
17.7,18,15,0,135,200,12,0,0,1712,6.3
17.7,18,15,0,120,240,8,0,0,1268,7.1
17.7,4.5,15,0,100,200,12,0,0,923,2.8
17.7,18,15,0,125,200,12,0,0,1490,8.9
17.7,18,15,0,130,200,12,0,0,1619,9.7
17.7,4.5,15,0,100,200,10,0,0,950,3.1
17.7,4.5,15,0,100,200,10,0,0,947,2.8
17.7,18,15,0,120,240,8,0,0,1271,8.7
17.7,18,15,0,120,240,8,0,0,1262,8.6
17.7,18,15,0,120,240,8,0,0,1259,9.7
17.7,18,15,0,120,240,8,0,0,1331,8.6
17.7,18,15,0,120,240,8,0,0,1301,7.8
17.7,18,15,0,120,240,8,0,0,1241,9.8
17.7,18,15,0,125,240,8,0,0,1280,6.7
17.7,18,15,0,120,240,8,0,0,1298,7.5
17.7,4.5,15,0.09,95,210,12,0,0.3,782,1.7
17.7,18,15,0,135,200,10,0,0,1742,6.4
17.7,18,15,0,135,200,10,0,0,1571,10
17.7,18,15,0,130,200,10,0,0,1526,7.1
17.7,18,15,0,135,200,8,0,0,1559,6.5
17.7,18,15,0,140,200,8,0,0,1505,10.3
17.7,18,15,0,140,200,8,0,0,1547,9.4
17.7,18,15,0,115,240,8,0,0,1244,7.5
17.7,18,15,0,115,240,8,0,0,1250,7
17.7,4.5,15,0,95,200,12,0,0,911,2.8
17.7,4.5,15,0,95,200,12,0,0.3,965,3.2
17.7,18,15,0,120,240,8,0,0,1271,7.3
17.7,18,15,0,155,200,8,0,0,1727,4.2
17.7,18,15,0,120,240,8,0,0,1277,8.3
20.4,18,15,0,155,200,8,0,0,1694,4.4
20.4,18,15,0,155,200,8,0,0,1631,4
20.4,18,15,0,155,200,8,0,0,1694,3.6
20.4,18,15,0,158,200,8,0,0,1694,4
20.4,18,15,0,155,200,8,0,0,1604,5.8
20.4,18,15,0,158,200,8,0,0,1520,6.4
20.4,18,15,0,120,240,8,0,0,1331,7.5
20.4,18,15,0,120,240,8,0,0,1262,7.1
20.4,4.5,15,0.5,60,210,12,0,0,646,1.4
20.4,4.5,15,0.5,60,210,12,0,0.3,650,1.04
20.4,18,15,0,155,200,8,0,0,1658,5
20.4,18,15,0,155,200,8,0,0,1568,6.8
20.4,18,15,0,160,200,8,0,0,1658,5.2
20.4,18,15,0,160,200,8,0,0,1661,5.7
20.4,18,15,0,165,200,8,0,0,1658,5.3
20.4,18,15,0,80,240,13,0,0,1166,7
20.4,18,15,0,80,240,13,0,0,1295,9.5
20.4,18,15,0,120,240,8,0,0,1283,7.7
20.4,18,15,0,120,240,8,0,0,1274,6.8
20.4,18,15,0,140,240,8,0,0,1352,7.5
20.4,18,15,0,130,240,8,0,0,1346,7.6
20.4,18,15,0,160,190,8,0,0,1872,3.4
20.4,18,15,0,160,190,8,0,0,1847,3.2
20.4,18,15,0,150,190,8,0,0,1820,5.3
20.4,18,15,0,155,190,8,0,0,1826,2.8
20.4,18,15,0,145,190,8,0,0,1766,3.8
20.4,18,15,0,146,190,8,0,0,1814,3.1
20.4,18,15,0,140,190,8,0,0.3,1833,9.7
20.4,18,15,0,155,200,8,0,0.3,1734,6.2
20.4,18,15,0,140,200,10,0,0.3,1716,9.9
20.4,18,15,0,130,200,12,0,0.3,1563,8
20.4,18,15,0,120,200,10,0,0.3,1469,8.7
20.4,18,15,0,110,200,10,0,0.3,1346,9.7
19.9,4.5,15,0,100,200,12,0,0.6,971,3.4
19.9,4.5,15,0,110,190,8,0,0.3,983,3.4
19.9,4.5,15,0.5,63,210,12,0,0.3,650,1.3
19.9,4.5,15,0.5,63,210,12,0,0.3,655,1.4
19.9,4.5,15,0.09,95,210,12,0,0,836,1.9
19.9,4.5,15,0.09,100,210,12,0,0,854,2
19.9,18,15,0,150,210,8,0.3,0,1481,8.1
19.9,18,15,0,150,210,8,0,0.3,1439,8.2
19.9,18,15,0,165,210,8,0.3,0,1569,7.8
19.9,18,15,0,165,210,8,0,0.3,1569,9.3
19.9,18,15,0,155,190,8,0.3,0,1851,6.7
19.9,18,15,0,155,190,8,0,0.3,1836,8.1
19.9,18,15,0,150,195,8,0.3,0,1773,4.9
19.9,18,15,0,155,195,10,0,0.3,1773,4.9
19.9,18,15,0,85,240,12,0,0.3,1211,9
19.9,18,15,0,95,240,12,0,0.3,1247,10.1
19.9,4.5,15,0,100,240,12,0,0.3,947,2.2
19.9,4.5,15,0,100,240,12,0,0,947,2
19.9,4.5,15,0,85,240,12,0.42,0,911,3
19.9,4.5,15,0,85,240,12,0.72,0,935,3.1
19.9,18,15,0,152,200,8,0,0.3,1604,11
19.9,18,15,0,150,200,8,0,0.3,1790,6.4
19.9,18,15,0,160,200,8,0,0.3,1622,7.5
19.9,18,15,0,145,200,8,0.3,0,1652,8
19.9,18,15,0,165,200,8,0,0.3,1808,5.8
19.9,18,15,0,155,200,8,0.3,0,1664,7.7
16.2,4.5,15,0,90,240,12,0,0,926,2.5
16.2,4.5,15,0,85,240,12,0,0,917,2.3
16.2,4.5,15,0,75,240,12,0,0.3,851,2.03
16.2,4.5,15,0,80,240,12,0,1.5,905,2.9
16.2,4.5,15,0,110,240,8,0,1.5,977,2.8
16.2,4.5,15,0,100,240,12,0.3,0,947,3.5
16.2,4.5,15,0,100,240,12,0.3,0,938,3.8
16.2,4.5,15,0,100,240,12,0.3,0,953,3.3
16.2,4.5,15,0,100,240,12,0.3,0,953,3.2
16.2,18,15,0,130,210,8,0,0,1487,14.9
16.2,18,15,0,140,210,8,0,0,1499,13.9
16.2,18,15,0,100,210,8,0,0.3,1361,12.3
16.2,18,15,0,165,210,8,0,0.3,1622,8.8
16.2,4.5,15,0,80,240,12,0,0,893,2.3
16.2,4.5,15,0,80,240,12,0,0,881,2.2
16.2,4.5,15,0,90,240,12,0,0,941,2.4
16.2,4.5,15,0,90,240,12,0,0,941,2.3
16.2,4.5,15,0,85,240,12,0,0,902,2.3
16.2,4.5,15,0,90,240,12,0,0,902,2.4
16.2,18,15,0,100,210,8,0,0.15,1352,12.2
16.2,18,15,0,165,210,8,0,0.15,1529,11.5
16.2,18,15,0,100,210,8,0,0.3,1451,12.3
16.2,18,15,0,150,200,8,0,0.3,1709,7.4
16.2,18,15,0,100,210,8,0,0.3,1517,11.6
16.2,18,15,0,155,200,8,0,0.3,1661,9.7
16.2,18,15,0,155,200,8,0,0.3,1643,8
16.2,18,15,0,155,200,8,0,0.3,1622,9.2
16.2,18,15,0,155,200,8,0,0.3,1826,5.8
16.2,18,15,0,157,200,8,0,0.3,1826,6.1
16.2,4.5,15,0,90,240,12,0,0,947,2.4
16.2,4.5,15,0,90,240,12,0,0,941,2.5
16.2,4.5,15,0,90,240,12,0,0,929,2.5
16.2,4.5,15,0,85,250,12,0,0,905,2.3
16.2,4.5,15,0,80,240,12,0.8,0,905,2.9
16.2,4.5,15,0,80,240,12,0.5,0.5,962,2.6
16.2,18,15,0,105,240,8,0.7,0,1136,3.7
16.2,18,15,0,90,240,12,0.8,0,1175,3.5
16.2,4.5,15,0,63,210,12,0,0.3,650,1
16.2,4.5,15,0,63,210,12,0,0.3,650,1
16.2,4.5,15,0,63,210,12,0,0,689,1
16.2,4.5,15,0.09,90,210,12,0,0,770,1.65
16.2,18,15,0,105,240,12,0,0,1259,7.2
16.2,18,15,0,150,200,12,0,0,1610,7.3
10.4,4.5,15,0,80,240,12,0,0,917,2.3
10.4,4.5,15,0,70,240,12,0,0,836,1.8
10.4,18,15,0,150,200,8,0,0.3,1556,14
10.4,18,15,0,150,190,8,0,0.3,1769,8.8
10.4,18,15,0,165,190,8,0,0.3,1862,8.8
10.4,18,15,0,165,200,8,0,0,1622,5.4
10.4,18,15,0,155,200,8,0,0,1619,7.1
10.4,18,15,0,153,200,8,0,0,1598,6
10.4,18,15,0,105,240,12,0,0,1223,8.5
10.4,18,15,0,105,240,12,0,0,1169,7
10.4,18,15,0,115,240,12,0,0,1319,8.1
10.4,18,15,0,125,240,12,0,0,1289,8.1
10.4,18,15,0,107,240,12,0,0,1250,7.3
10.4,18,15,0,125,240,12,0,0,1358,7.2
10.4,4.5,15,0,75,240,12,0,0.3,917,2.6
10.4,4.5,15,0.09,78,210,12,0,0.3,731,1.3
10.4,4.5,15,0.09,85,210,12,0,0.3,785,1.6
10.4,4.5,15,0.09,100,210,12,0,0.3,818,2
10.4,4.5,15,0.09,83,210,12,0,0.3,760,1.7
10.4,4.5,15,0.09,110,210,12,0,0.3,905,1.8
10.4,4.5,15,0,79,280,12,0,0,911,2.1
10.4,4.5,15,0,77,280,12,0,0,917,2.1
10.4,4.5,15,0,75,280,12,0,0.01,917,2
10.4,4.5,15,0,75,280,12,0,0.01,917,1.9
3.9,18,15,0,107,240,12,0,0,1184,7
3.9,18,15,0,107,240,12,0,0,1223,7.6
3.9,18,15,0,115,240,12,0,0,1221,8.7
3.9,18,15,0,110,240,12,0,0,1188,7
3.9,4.5,15,0,75,280,12,0,0,875,1.9
3.9,4.5,15,0,73,280,12,0,0,869,1.9
3.9,4.5,15,0.5,60,210,12,0,0.3,629,1.1
3.9,4.5,15,0.5,60,210,12,0,0.3,635,1.11
3.9,4.5,15,0.09,80,210,12,0,0.3,774,1.6
3.9,18,15,0,115,240,12,0,0,1223,8.6
3.9,18,15,0,115,240,12,0,0,1301,9.9
3.9,18,15,0,115,240,12,0,0,1259,8.2
3.9,18,15,0,115,240,12,0,0,1274,9.2
3.9,18,15,0,115,240,12,0,0,1244,7.2
3.9,18,15,0,115,240,12,0,0,1256,8.2
3.9,4.5,15,0.5,60,210,12,0,0.3,637,1
3.9,4.5,15,0.09,80,210,12,0,0,761,1.6
3.9,4.5,15,0.5,60,210,12,0.3,0,673,1
3.9,18,15,0,105,240,12,0,0,1169,6.1
3.9,18,15,0,105,240,12,0,0,1232,6.6
3.9,18,15,0,105,240,12,0,0,1268,6.6
3.9,18,15,0,115,240,12,0,0,1250,6.9
3.9,18,15,0,115,240,12,0,0,1205,7.3
3.9,18,15,0,115,240,12,0,0,1169,6.5
-1.5,18,15,0,110,240,12,0.6,0,1256,10
-1.5,18,15,0,100,240,12,0.6,0,1199,7
-1.5,18,15,0,110,240,12,0,0.3,1289,13.6
-1.5,18,15,0,100,240,12,0,0.3,1142,7
-1.5,18,15,0,85,240,12,0,0.3,1100,7.3
-1.5,4.5,15,0,100,200,12,0,0,947,3.2
-1.5,4.5,15,0,100,240,12,0,0,1151,7
-1.5,4.5,15,0,85,240,12,0,0,1157,7
-1.5,4.5,15,0,70,290,12,0,0,863,1.7
-1.5,4.5,15,0,70,290,12,0,0,863,1.6
-1.5,4.5,15,0,70,290,12,0,0,875,1.5
-1.5,18,15,0,80,240,12,0,0,1079,6.1
-1.5,18,15,0,80,240,12,0,0,989,3.8
-1.5,18,15,0,100,240,12,0,0,1238,10
-4.6,18,15,0,125,240,8,0,0,1289,5.1
-4.6,18,15,0,145,200,8,0,0,1649,4.4
-4.6,18,15,0,105,240,10,0,0,1229,5.3
-4.6,18,15,0,105,240,10,0,0,1256,6.3
-4.6,18,15,0,125,240,8,0,0,1232,5.4
-4.6,18,15,0,145,200,8,0,0,1604,5.7
-4.6,18,15,0,155,200,8,0,0,1586,4.4
-4.6,18,15,0,125,240,8,0,0,1277,7.3
-4.6,18,15,0,108,240,8,0,0,1232,7.3
-4.6,18,15,0,125,240,8,0,0,1274,8.3
-4.6,18,15,0,130,240,8,0,0,1304,8.5
-4.6,4.5,15,0,80,290,12,0,0,905,2.1
-4.6,4.5,15,0,77,290,12,0,0,887,1.9
-4.6,4.5,15,0,75,290,12,0,0,893,1.7
-4.6,4.5,15,0,80,290,12,0,0,947,2.1
-4.6,4.5,15,0,80,290,12,0,0,938,1.6
-4.6,4.5,15,0,80,290,12,0,0,953,2
-4.6,18,15,0,120,200,8,0,0.3,1460,11.9
-4.6,18,15,0,120,200,8,0,0.3,1487,13.2
-4.6,18,15,0,145,200,8,0,0.3,1700,7.8
-4.6,18,15,0,108,240,8,0,0.3,1223,11
-4.6,18,15,0,108,240,8,0,0.3,1211,10
-4.6,18,15,0,135,200,8,0,0.3,1586,12.2
-4.6,4.5,15,0,80,290,12,0,0,899,1.5
-4.6,4.5,15,0,80,290,12,0,0,905,1.9
-4.6,4.5,15,0,80,290,12,0,0,917,2.3
-4.6,4.5,15,0,80,290,12,0,0,947,2.1
-4.6,4.5,15,0,80,290,12,0,0,893,1.9
-4.6,4.5,15,0,80,290,12,0,0,905,2.1
-4.6,4.5,15,0,80,290,12,0,0,923,1.9
-4.6,4.5,15,0,80,290,12,0,0,923,2.2
-3.8,4.5,15,0,70,290,14,0,0,923,1.4
-3.8,4.5,15,0,80,290,12,0,0.3,947,2.8
-3.8,4.5,15,0,108,240,8,0,0.3,1289,9.8
-3.8,4.5,15,0.09,90,210,12,0,0,821,1.9
-3.8,18,15,0,80,240,12,0,0.3,1169,7
-3.8,18,15,0,95,240,12,0,0,1226,8.9
-3.8,18,15,0,78,240,12,0,0.3,1253,10.9
-3.8,18,15,0,77,240,12,0,0.3,1271,10.9
-3.8,18,15,0,85,240,12,0,0.3,1241,11.6
-3.8,18,15,0,75,245,14,0,0.3,1019,5
-3.8,18,15,0,75,255,14,0,0.3,989,4.2
-3.8,18,15,0,120,200,8,0,0.3,1511,9.1
-3.8,18,15,0,85,240,12,0,0.1,1118,7.3
-3.8,18,15,0,85,240,12,0,0.2,1142,7
-3.8,18,15,0,85,240,12,0,0.3,1250,13.4
-3.8,18,15,0,140,240,8,0,0.3,1346,11.4
-3.8,18,15,0,140,240,8,0,0.3,1391,13.6
-3.8,18,15,0,140,240,8,0,0.3,1358,13.7
-3.8,18,15,0,75,255,14,0,0.3,1025,5.6
-3.8,18,15,0,75,255,14,0,0.3,1007,5
-3.8,18,15,0,75,255,14,0,0.3,1094,7
-3.8,18,15,0,145,240,8,0,0,1391,9.3
-3.8,18,15,0,145,240,8,0,0,1373,9.7
-3.8,18,15,0,145,240,8,0,0,1265,7
-3.8,18,15,0,135,240,8,0,0,1400,10.4
0.1,18,15,0,130,240,10,0,0,1352,8.5
0.1,18,15,0,130,240,10,0,0.3,1352,11.8
0.1,18,15,0,160,190,8,0,0,1881,4.3
0.1,18,15,0,160,190,8,0,0,1704,4.8
0.1,18,15,0,160,190,10,0,0,1845,4.5
0.1,18,15,0,160,180,8,0,0,1368,7.3
0.1,18,15,0,85,240,12,0,0,1200,9.5
0.1,18,15,0,90,210,12,0,0,807,1.9
0.1,18,15,0,90,210,12,0,0,801,1.5
0.1,4.5,15,0.09,90,210,12,0,0,809,1.9
0.1,4.5,15,0.09,90,210,12,0,0,775,1.7
0.1,4.5,15,0.09,90,210,12,0,0,800,1.7
0.1,4.5,15,0.09,90,210,12,0,0,788,1.8
0.1,4.5,15,0.09,90,210,12,0,0,806,1.8
0.1,4.5,15,0.09,90,210,12,0,0,833,2.1
0.1,18,15,0,115,240,11,0,0,1241,8.8
0.1,18,15,0,115,240,11,0,0.3,1286,13.7
0.1,18,15,0,115,240,12,0,0,1274,12.5
0.1,18,15,0,115,240,12,0,0,1307,14.1
0.1,18,15,0,115,240,12,0,0,1292,11.2
0.1,18,15,0,80,255,14,0,0.3,1001,7.9
0.1,18,15,0,115,240,12,0,0,1322,7.5
0.1,18,15,0,100,240,13,0,0,1247,12.9
0.1,18,15,0,70,260,14,0,0.1,905,1.9
0.1,18,15,0,70,260,14,0.1,0.3,866,1.8
0.1,18,15,0,80,255,12,0,0.1,1148,6.9
0.1,18,15,0,75,260,14,0.1,0.3,1130,7
0.1,18,15,0,80,260,14,0.1,0.3,1160,7
0.1,18,15,0,100,240,13,0,0,1112,6.1
0.1,18,15,0,100,240,13,0,0,1205,7.4
0.1,18,15,0,100,240,13,0,0,1166,5.9
0.1,18,15,0,100,240,13,0,0.3,1396,10.3
0.1,18,15,0,100,240,13,0,0.3,1223,9.3
0.1,18,15,0,100,240,13,0,0.3,1325,9.7
0.1,18,15,0,70,260,14,0,0.2,893,1
6,18,15,0,160,190,8,0,0,1863,4.3
6,18,15,0,140,240,8,0,0,1389,9.2
6,18,15,0,100,240,13,0,0,1272,8
6,18,15,0,145,200,8,0,0,1713,5.2
6,18,15,0,80,255,14,0,0.1,1146,6.2
6,18,15,0,90,240,14,0,0.3,1055,6.8
6,18,15,0,80,240,12,0,0.1,1043,5.6
6,18,15,0,80,255,14,0.1,0.3,1049,6.5
6,18,15,0,100,240,13,0,0,1172,7
6,18,15,0,106,240,13,0,0,1247,10.2
6,18,15,0,106,240,13,0,0,1147,7
6,18,15,0,106,240,13,0,0,1289,8.6
6,18,15,0,106,240,13,0,0,1157,7
6,18,15,0,106,240,13,0,0,1223,12.4
6,18,15,0,160,190,8,0,0,1809,4
6,18,15,0,106,240,13,0,0,1248,9.5
6,18,15,0,140,200,10,0,0,1662,6
6,18,15,0,165,190,8,0,0,1887,3.3
6,18,15,0,140,200,11,0,0,1623,6.5
6,18,15,0,100,240,13,0,0,1202,7.2
6,18,15,0,100,240,13,0,0,1226,7.7
6,18,15,0,106,240,13,0,0,1238,7.3
6,18,15,0,95,240,13,0,0.3,1241,11.7
6,18,15,0,95,240,13,0,0.3,1235,13.8
6,18,15,0,106,240,13,0,0,1196,7
6,18,15,0,106,240,13,0,0.3,1172,7
6,18,15,0,106,240,13,0,0.3,1214,10.9
6,18,15,0,106,240,13,0,0,1235,9.5
6,18,15,0,135,200,10,0,0,1746,4.6
6,18,15,0,135,200,12,0,0.3,1641,9.7
6,18,15,0,135,200,12,0,0.3,1701,7.7
6,18,15,0,90,240,13,0,0,1176,7
6,18,15,0,125,200,12,0,0.3,1608,10.2
6,18,15,0,125,200,12,0,0.3,1554,10.5
6,18,15,0,100,240,13,0,0.3,1185,7
6,18,15,0,106,240,13,0,0.3,1200,8
6,18,15,0,125,200,12,0,0,1545,12.5
6,18,15,0,106,240,13,0,0,1254,10.3
6,18,15,0,106,240,13,0,0,1238,8.2
6,4.5,15,0,65,290,15,0,0.6,925,1.6
6,4.5,15,0,65,290,15,0,0.6,926,1.8
12.4,4.5,15,0,65,290,15,0,0,845,1.3
12.4,4.5,15,0,70,290,15,0,0,815,1.3
12.4,4.5,15,0,70,290,15,0,0,815,1.4
12.4,4.5,15,0,90,290,15,0,0,917,2.4
12.4,4.5,15,0,90,290,15,0,0,917,2.4
12.4,4.5,15,0,90,290,15,0,0,911,2.4
12.4,18,15,0,160,190,8,0,0,1863,4.4
12.4,18,15,0,160,190,8,0,0,1764,4.9
12.4,18,15,0,135,200,10,0,0,1590,11.3
12.4,18,15,0,160,190,8,0,0,1803,4.8
12.4,18,15,0,160,190,8,0,0,1755,5.8
12.4,18,15,0,106,240,13,0,0,1238,7
12.4,18,15,0,145,210,8,0,0,1314,5.2
12.4,4.5,15,0,70,290,15,0,0,887,1.9
12.4,4.5,15,0,70,290,15,0,0,857,2
12.4,4.5,15,0.09,90,210,12,0,0,794,1.7
12.4,4.5,15,0.09,65,290,15,0,0,881,2
12.4,4.5,15,0,90,290,15,0,0,947,1.6
12.4,4.5,15,0.09,95,210,12,0,0,812,1.7
12.4,4.5,15,0,65,290,15,0,0,905,1.8
12.4,4.5,15,0,80,290,15,0,0,941,1.9
17.7,18,15,0,100,210,10,0,0.3,1292,11
17.7,18,15,0,100,210,10,0,0.3,1352,12.7
17.7,18,15,0,100,210,10,0,0.3,1448,14.1
17.7,18,15,0,95,210,10,0,0.3,1439,15.2
17.7,18,15,0,65,290,15,0,0,896,2.1
17.7,18,15,0,60,290,17,0,0,911,1.86
17.7,4.5,15,0,65,295,15,0,0,869,1.7
17.7,4.5,15,0,65,295,15,0,0,887,1.7
17.7,4.5,15,0,65,295,15,0,0,899,2
17.7,4.5,15,0,65,295,15,0,0,839,1.6
17.7,4.5,15,0,65,295,15,0,0,875,1.9
17.7,4.5,15,0,65,295,15,0,0,851,1.4
17.7,4.5,15,0,65,295,15,0,0,863,1.9
17.7,4.5,15,0,65,295,15,0,0,869,1.9
17.7,4.5,15,0,65,295,15,0,0,863,1.8
17.7,4.5,15,0,65,295,15,0,0,867,1.9
20.4,4.5,15,0,65,295,15,0,0,873,1.8
20.4,4.5,15,0,65,295,15,0,0,885,1.7
20.4,4.5,15,0,65,290,15,0,0,897,2
20.4,4.5,15,0,65,290,15,0,0,891,1.6
20.4,4.5,15,0,95,290,12,0,0,923,2.5
20.4,4.5,15,0,100,290,12,0,0,951,2.6
20.4,4.5,15,0,115,315,10,0,0,989,2.1
20.4,4.5,15,0,135,348,6,0,0,974,1
20.4,4.5,15,0,100,290,12,0,0,917,2.2
19.9,4.5,15,0,100,290,12,0,0.6,941,2.6
10.4,18,15,0,90,240,12,0,0,1232,5.5
10.4,18,15,0,90,240,12,0,0,1196,6.5
10.4,18,15,0,90,240,12,0,0,1286,7.1
10.4,18,15,0,74,240,12,0,0,1163,5.2
10.4,18,15,0,70,240,12,0,0,1055,3.9
10.4,18,15,0,90,210,12,0,0,1354,8.8
10.4,18,15,0,85,210,12,0,0,1145,4.6
10.4,18,15,0,90,210,12,0,0,1145,5
10.4,18,15,0,90,210,12,0,0,1151,4.5
10.4,18,15,0,90,210,12,0,0,1178,6.6
10.4,18,15,0,100,210,12,0,0,1379,11
10.4,18,15,0,95,210,10,0,0,1352,6.9
10.4,18,15,0,90,210,10,0,0,1397,11
10.4,18,15,0,95,210,12,0,0,1448,9.9
10.4,18,15,0,95,210,12,0,0,1373,8.2
10.4,18,15,0,85,210,12,0,0,1388,12.9
3.9,4.5,15,0.5,60,210,12,0,0,653,1.2
3.9,4.5,15,0.09,80,210,12,0,0,745,1.5
3.9,4.5,15,0.09,100,210,12,0,0,818,2
3.9,4.5,15,0,90,290,12,0,0,929,2.4
3.9,4.5,15,0.09,100,210,10,0,0,790,1.7
3.9,18,15,0,100,210,10,0,0,1232,7.1
3.9,18,15,0,110,210,8,0,0,1235,5
3.9,18,15,0,115,210,8,0,0,1460,6.4
3.9,18,15,0,120,210,8,0,0,1403,8
3.9,18,15,0,100,210,8,0,0,1250,6.1
3.9,18,15,0,108,240,10,0,0,1211,7.4
3.9,18,15,0,120,240,10,0,0,1277,6.4
3.9,18,15,0,120,240,8,0,0,1259,6.9
3.9,18,15,0,125,240,10,0,0,1289,6.8
3.9,18,15,0,125,240,10,0,0,1295,7.3
3.9,18,15,0,125,240,10,0,0,1325,8.1
3.9,18,15,0,70,240,12,0,0,1100,7
3.9,18,15,0,70,240,12,0,0,986,4.1
3.9,18,15,0,70,240,12,0,0,1130,7.4
3.9,18,15,0,70,240,12,0,0,1070,6.1
3.9,18,15,0,70,240,14,0,0,911,2.1
-1.5,4.5,15,0,65,290,15,0,0.05,863,1.4
-1.5,4.5,15,0,65,290,15,0.3,0.05,887,1.9
-1.5,4.5,15,0,70,290,15,0.3,0.05,905,2.3
-1.5,4.5,15,0,65,290,14,0,0.05,863,1.4
-1.5,4.5,15,0,70,290,14,0.3,0.05,917,2.3
-3.8,18,15,0,100,210,12,0,0,1367,13.5
-3.8,18,15,0,100,210,12,0,0,1166,6.5
-3.8,18,15,0,100,210,12,0,0,1205,9.7
-3.8,18,15,0,100,210,12,0,0.3,995,2.6
-3.8,4.5,15,0,75,180,10,0,0,923,2.5
-3.8,18,15,0,100,240,13,0,0,1229,9.2
-3.8,18,15,0,100,240,13,0,0,1223,6.3
-3.8,18,15,0,100,210,12,0,0,1142,5.4
-3.8,18,15,0,80,240,12,0,0,1049,5.4
-3.8,18,15,0,70,240,12,0,0,974,3.9
-3.8,18,15,0,120,240,10,0,0,1223,6.6
-3.8,18,15,0,135,210,8,0,0,1484,8.5
-3.8,18,15,0,120,240,10,0,0,1214,5.3
-3.8,18,15,0,125,240,8,0,0,1250,5.9
-3.8,18,15,0,140,210,8,0,0,1460,10.4
-3.8,18,15,0,125,240,8,0,0,1253,6
-3.8,18,15,0,130,210,10,0,0,1523,7.1
-3.8,18,15,0,135,210,10,0,0,1508,7.3
-3.8,18,15,0,145,240,8,0,0,1286,3.6
-3.8,18,15,0,100,210,12,0,0,1259,7
-3.8,18,15,0,110,210,12,0,0,1364,6.5
-3.8,18,15,0,153,240,8,0,0,1292,3.4
0.1,18,15,0,120,240,12,0,0,1238,5.8
0.1,18,15,0,110,240,12,0,0,1208,4.9
0.1,18,15,0,100,240,12,0,0,1190,6
0.1,18,15,0,155,240,8,0,0,1331,5.1
0.1,18,15,0,100,210,12,0,0,1187,7.1
0.1,18,15,0,85,240,12,0,0,1061,5.1
0.1,18,15,0,85,210,12,0,0,1094,5.4
0.1,18,15,0,100,210,12,0,0,1196,5.7
0.1,18,15,0,140,210,8,0,0.3,1511,8.2
0.1,7,15,0,80,240,12,0,0.3,872,2.5
0.1,7,15,0,80,240,12,0,0,875,2.74
0.1,18,15,0,128,210,8,0,0,1268,6.8
0.1,7,15,0,95,240,12,0,0,929,2.8
0.1,7,15,0,95,240,12,0,0,923,2.86
0.1,18,15,0,135,210,8,0,0,1466,6.6
0.1,18,15,0,140,210,10,0,0,1544,7.7
0.1,7,15,0,100,240,12,0,0.3,944,3.4
0.1,18,15,0,135,210,8,0,0,1250,3.8
0.1,7,15,0,100,240,12,0,0.3,941,2.8
0.1,7,15,0,100,240,12,0,0.3,926,3.5
0.1,7,15,0,100,240,12,0,0.3,926,3.3
0.1,7,15,0,100,240,12,0,0.3,920,3.3
0.1,7,15,0,105,240,12,0,0.3,953,4.1
0.1,7,15,0,100,240,12,0,0.3,917,3.4
0.1,7,15,0,107,240,12,0,0.3,941,3.6
0.1,7,15,0,90,240,12,0,0.3,911,3.2
0.1,7,15,0,87,240,12,0,0.3,911,3.1
0.1,7,15,0,85,240,12,0,0.3,899,3
0.1,7,15,0,86,240,12,0,0,893,2.9
0.1,7,15,0,86,240,12,0,0,887,2.9
0.1,7,15,0,86,240,12,0,0,902,3
0.1,18,15,0,100,210,12,0,0,1148,3.6
6,18,15,0,160,190,8,0,0,1884,2.8
6,18,15,0,125,240,8,0,0,1274,6.4
6,18,15,0,120,240,8,0,0,1286,8
6,18,15,0,100,240,8,0,0,1208,7.3
6,18,15,0,120,240,8,0,0,1247,6.9
6,18,15,0,115,240,8,0,0,1448,8.6
6,18,15,0,130,240,8,0,0,1280,6.6
6,18,15,0,125,240,8,0,0,1280,6.6
6,18,15,0,115,210,10,0,0,1355,7.4
6,4.5,15,0.5,80,210,12,0,0,733,1.4
6,4.5,15,0.5,70,210,12,0,0,652,1.3
12.4,18,15,0,120,210,8,0.6,0,1457,7.9
12.4,18,15,0,120,210,8,0.6,0,1403,7.3
12.4,18,15,0,127,210,8,0,0,1460,8.9
12.4,18,15,0,130,240,8,0,0,1238,6.6
12.4,18,15,0,130,240,8,0,0,1277,6.7
12.4,18,15,0,130,210,8,0.7,0,1469,9
12.4,18,15,0,130,240,8,0,0,1301,5.5
12.4,18,15,0,150,240,8,0,0,1352,7.4
12.4,18,15,0,148,240,8,0,0,1271,6.3
12.4,18,15,0,150,240,8,0,0,1298,6
12.4,7,15,0,105,240,10,0,0,929,3.5
12.4,7,15,0,104,240,10,0,0,935,3.3
12.4,7,15,0,105,240,10,0,0,908,3.1
12.4,7,15,0,110,240,10,0.35,0,947,2.8
12.4,7,15,0,110,240,10,0.35,0,941,2.8
12.4,7,15,0,105,240,10,0,0,932,3.4
12.4,18,15,0,150,240,8,0,0,1280,7.1
12.4,18,15,0,150,240,8,0,0,1277,6.1
12.4,18,15,0,150,240,8,0,0,1286,5.7
12.4,18,15,0,150,240,8,0,0,1283,5.8
12.4,18,15,0,143,240,8,0,0,1289,7.3
12.4,18,15,0,150,240,8,0,0,1283,7.3
12.4,18,15,0,143,240,8,0,0,1307,7
12.4,7,15,0,105,240,10,0.35,0,935,2.6
12.4,7,15,0,105,240,10,0.25,0,947,2.9
12.4,7,15,0,105,240,10,0.15,0,977,2.6
12.4,7,15,0,105,240,10,0.35,0,935,2.6
12.4,7,15,0,100,240,10,0.25,0,929,2.9
12.4,7,15,0,90,240,10,0.15,0,911,2.9
17.7,18,15,0,106,240,8,0.5,0,1259,6.3
17.7,18,15,0,100,240,8,0,0,1142,6.1
17.7,18,15,0,90,240,8,0.5,0,1082,5.2
17.7,18,15,0,90,240,8,0.5,0,1052,5.4
17.7,18,15,0,85,240,8,0,0,1124,6.4
17.7,7,15,0,100,240,10,0.25,0,935,3.4
17.7,7,15,0,105,240,10,0.25,0,950,3.7
17.7,7,15,0,115,240,10,0.25,0,989,3.1
17.7,7,15,0,98,240,10,0.25,0,926,3.3
17.7,7,15,0,120,240,10,0.25,0,974,3.5
17.7,7,15,0,125,240,10,0.25,0,1001,3.4
17.7,18,15,0,130,240,8,0.5,0,1529,9.9
17.7,18,15,0,135,240,8,0,0,1514,9.5
17.7,18,15,0,135,240,8,0.25,0,1589,10.4
20.4,18,15,0,135,210,10,0,0,1580,8.1
20.4,18,15,0,135,210,10,0,0,1532,7.3
20.4,18,15,0,135,210,10,0,0,1517,6.5
20.4,18,15,0,110,210,10,0,0,1250,6.8
20.4,18,15,0,115,210,10,0,0,1316,7.1
20.4,18,15,0,120,210,10,0,0,1298,6.2
19.9,7,15,0,100,240,10,0.35,0,905,3
19.9,7,15,0,100,240,10,0.35,0,953,2.3
19.9,7,15,0,100,240,10,0.35,0,947,3.1
19.9,7,15,0,85,240,10,0.35,0,887,2.4
19.9,7,15,0,120,240,10,0.35,0,965,2.9
19.9,7,15,0,120,240,10,0.35,0,983,3.1
19.9,7,15,0,115,240,8,0,0,986,2.9
19.9,7,15,0,120,240,8,0,0,1007,2.7
19.9,7,15,0,125,240,8,0,0,995,2.8
19.9,7,15,0,85,240,12,0.35,0,923,2.9
19.9,7,15,0,120,240,8,0.35,0,998,3.2
19.9,7,15,0,125,240,8,0.35,0,1031,2.8
16.2,18,15,0,110,240,8,0.35,0,1295,10.7
16.2,18,15,0,100,240,10,0.35,0,1097,5.9
16.2,18,15,0,90,240,10,0.35,0,1082,5.6
16.2,18,15,0,100,240,8,0,0,1130,6.5
16.2,18,15,0,100,240,8,0,0,1103,6.5
16.2,18,15,0,100,240,12,0,0,1106,6.4
16.2,18,15,0,100,240,8,0.35,0,1124,7
16.2,18,15,0,115,240,8,0.35,0,1211,8.5
16.2,18,15,0,125,240,8,0.35,0,1355,9.2
16.2,18,15,0,110,240,8,0,0,1229,8.5
16.2,18,15,0,120,240,8,0,0,1316,10.8
16.2,18,15,0,115,240,8,0,0,1241,7
16.2,7,15,0,95,240,12,0.5,0,887,2.3
16.2,7,15,0,95,240,12,1,0,887,1.9
16.2,7,15,0,95,240,12,1.5,0,887,2.1
16.2,7,15,0,120,240,12,0.5,0,941,2
16.2,7,15,0,120,240,12,1,0,935,2
16.2,7,15,0,120,240,12,1.5,0,1019,2.7
10.4,7,15,0,90,240,10,0,0.3,890,3.1
10.4,7,15,0,100,240,10,0,0.3,923,3.2
10.4,7,15,0,110,240,10,0,0.3,944,3.7
10.4,18,15,0,100,240,8,0,0.3,1175,6.7
10.4,18,15,0,110,240,8,0,0.3,1331,8.1
10.4,18,15,0,110,240,8,0,0.3,1328,9.5
10.4,18,15,0,100,240,8,0,0.3,1130,4.6
10.4,18,15,0,90,240,8,0,0.3,1043,3.1
10.4,18,15,0,90,240,8,0,0.3,1091,5.7
10.4,18,15,0,110,240,8,0,0,1307,5.9
10.4,18,15,0,110,240,12,0,0,950,2.8
10.4,18,15,0,135,210,10,0,0,1688,6.2
10.4,18,15,0,110,240,8,0,0,1299,6.7
10.4,18,15,0,145,210,8,0,0,1689,3.67
10.4,18,15,0,90,240,9,0,0,1062,4.4
10.4,18,15,0,100,240,8,0,0,1196,6.3
10.4,18,15,0,100,240,8,0,0,1232,6.7
10.4,18,15,0,100,240,8,0,0,1256,7.6
10.4,18,15,0,95,240,8,0,0,1112,5.9
10.4,18,15,0,97,240,8,0,0,1184,4.9
10.4,18,15,0,97,240,8,0,0,1214,8.6
10.4,18,15,0,95,240,8,0,0,1118,6.3
10.4,18,15,0,95,240,8,0,0,1133,4.2
10.4,18,15,0,95,240,8,0,0,1217,8.8
16.2,18,15,0,162,210,8,0,0,1523,6.99
16.2,18,15,0,162,210,8,0,0,1583,6.35
16.2,4.5,15,0,130,180,10,0,0,1022,1.88
16.2,4.5,15,0,130,180,10,0,0.25,1046,2.55
16.2,4.5,15,0,130,180,10,0,0,932,2.18
16.2,4.5,15,0,130,180,10,0,0.25,941,3.61
16.2,4.5,15,0,130,180,10,0,0,938,2.14
16.2,4.5,15,0,130,180,10,0,0.6,956,2.67
16.2,4.5,15,0,130,180,10,0,0,935,2.24
16.2,4.5,15,0,130,180,10,0.6,0,956,3.05
16.2,4.5,15,0,130,180,10,0,0,935,2.19
16.2,4.5,15,0,130,180,10,0.25,0,959,2.69
16.2,4.5,15,0,130,180,10,0,0,947,2.23
16.2,4.5,15,0,130,180,10,0,0.135,959,1.98
16.2,4.5,15,0,120,180,10,0,0,926,2.85
16.2,4.5,15,0,120,180,10,0,0,911,2.53
16.2,4.5,15,0,122,180,10,0,0,914,2.38
16.2,4.5,15,0,123,180,10,0,0,929,2.7
16.2,4.5,15,0,122,180,10,0,0,923,3
16.2,4.5,15,0,123,180,10,0,0,917,2.98
16.2,18,15,0,162,210,8,0,0,1652,5.13
16.2,18,15,0,164,210,8,0,0,1601,5.91
16.2,18,15,0,163,210,8,0,0,1577,4.79
16.2,18,15,0,163,210,8,0,0,1574,5.44
16.2,18,15,0,163,210,8,0,0,1610,4.8
16.2,18,15,0,163,210,8,0,0.6,1646,7.39
16.2,18,15,0,163,210,8,0,0,1565,5.38
16.2,18,15,0,163,210,8,0,0.3,1580,8.06
16.2,18,15,0,163,210,8,0,0,1580,5.62
16.2,18,15,0,163,210,8,0,0.6,1580,5.67
16.2,4.5,15,0,130,180,10,0,0,935,2.37
16.2,4.5,15,0,130,180,10,0,0,935,2.67
16.2,4.5,15,0,90,180,10,0,0,827,2.08
16.2,4.5,15,0,90,180,10,0,1.5,839,1.46
16.2,18,15,0,163,210,8,0,0,1571,5.47
16.2,18,15,0,163,210,8,0,0,1592,4.45
16.2,18,15,0,164,210,8,0,0,1616,3.92
16.2,18,15,0,163,210,8,0,0.25,1637,7.21
16.2,4.5,15,0,123,180,10,0,0,923,2.87
16.2,4.5,15,0,120,180,10,0,0,923,2.83
16.2,4.5,15,0,125,180,10,0,0,929,2.87
16.2,4.5,15,0,122,180,10,0,0,923,2.74
16.2,4.5,15,0,125,180,10,0,0,929,2.74
16.2,4.5,15,0,123,180,10,0,0,923,2.68
16.2,4.5,15,0,130,180,10,0,0,947,2.72
16.2,4.5,15,0,130,180,10,0,0.3,965,3.11
16.2,4.5,15,0,150,180,10,0,0,959,2.27
16.2,4.5,15,0,150,180,10,0.25,0,956,2.61
16.2,4.5,15,0,150,180,10,0.25,0,866,2.19
10.4,4.5,15,0,115,180,10,0,0.3,917,3.14
10.4,4.5,15,0,132,180,10,0,0.3,959,3.35
10.4,4.5,15,0,75,180,10,0,0.3,800,2.12
10.4,4.5,15,0,85,180,10,0,0.3,845,2.62
10.4,4.5,15,0,145,180,10,0,0.3,971,2.23
10.4,4.5,15,0,148,180,10,0,0.3,1025,1.93
10.4,4.5,15,0,110,180,10,0,0.3,905,3.4
10.4,4.5,15,0,132,180,10,0,0.3,947,3.7
10.4,4.5,15,0,130,180,10,0,0.125,956,3.99
10.4,4.5,15,0,130,180,10,0,0.25,956,3.49
10.4,4.5,15,0,130,180,10,0,0.25,974,3.91
10.4,4.5,15,0,110,180,10,0,0.25,881,3.47
10.4,18,15,0,163,210,10,0,0,1440,10.17
10.4,18,15,0,164,180,10,0,0,1566,7.78
10.4,18,15,0,161,210,10,0,0.8,1644,16
10.4,18,15,0,161,210,10,0,0.8,1554,20
10.4,18,15,0,161,210,10,0,0,1623,16
10.4,18,15,0,161,210,10,0,0,1536,20
10.4,4.5,15,0,130,180,10,0,0,953,3.09
10.4,4.5,15,0,130,180,10,0,6,971,2.94
10.4,4.5,15,0,130,180,10,0,0,935,3.17
10.4,4.5,15,0,130,180,10,0,0.6,947,4.75
10.4,4.5,15,0,130,180,10,0,0,956,2.99
10.4,4.5,15,0,130,180,10,0,0.6,962,2.58
10.4,4.5,15,0,130,180,10,0,0,959,2.15
10.4,4.5,15,0,130,180,10,0,0.12,965,2.44
10.4,18,15,0.4,149,200,8,0,0,1166,4.19
10.4,18,15,0.4,149,200,8,0,0,1397,7.53
10.4,4.5,15,0,130,180,10,0,0,959,2.35
10.4,4.5,15,0,130,180,10,0.25,0,974,2.92
10.4,4.5,15,0,130,180,10,0.25,0.6,971,3.14
10.4,4.5,15,0,130,180,10,0,0,941,2.69
10.4,4.5,15,0,130,180,10,0.125,0,947,3.42
10.4,4.5,15,0,130,180,10,0.125,0.6,947,3.28
10.4,4.5,15,0,120,180,10,0,0,977,2.1
10.4,4.5,15,0,120,180,10,0,0,935,2.34
10.4,4.5,15,0,120,180,10,0.125,0.25,929,2.78
10.4,4.5,15,0,120,180,10,0,0,935,2.14
10.4,4.5,15,0,120,180,10,0.125,0.25,923,2.74
10.4,4.5,15,0,123,180,10,0.125,0.125,953,3.18
10.4,4.5,15,0,123,180,10,0.125,0.125,923,3.23
10.4,4.5,15,0,120,180,10,0.125,0.06,935,3.13
10.4,4.5,15,0,120,180,10,0.125,0.06,929,2.06
10.4,18,15,0,163,210,8,0,0,1716,3.84
10.4,18,15,0,163,210,8,0,0,1826,5.18
10.4,4.5,15,0,125,180,10,0,0,941,3.02
10.4,4.5,15,0,125,180,10,0,0.125,941,3.83
10.4,4.5,15,0,125,180,10,0,0,959,2.8
10.4,4.5,15,0,125,180,10,0,0.25,959,3.49
10.4,18,15,0,160,210,8,0,0,1724,3.17
10.4,18,15,0,160,210,8,0,0,1802,3.44
10.4,18,15,0,145,210,8,0,0,1661,4.91
10.4,18,15,0,145,210,8,0,0,1640,5.49
10.4,18,15,0.4,148,200,8,0,0,1523,4.94
10.4,18,15,0,163,210,8,0,0,1475,6.04
10.4,4.5,15,0,123,180,10,0,0,935,2.48
10.4,4.5,15,0,123,180,10,0,0,929,2.41
10.4,18,15,0.4,145,200,8,0,0,1160,6.7
10.4,4.5,15,0.5,78,210,12,0,0,640,1.43
10.4,4.5,15,0.5,83,210,12,0,0,647,1.48
10.4,4.5,15,0.5,90,210,10,0,0,649,1.51
10.4,4.5,15,0.09,120,210,10,0,0,917,2.41
10.4,4.5,15,0.03,110,210,10,0,0,860,2.08
10.4,4.5,15,0.5,110,210,10,0,0,742,1.31
10.4,18,15,0.4,145,200,8,0,0.25,1265,10.3
10.4,18,15,0.4,147,200,8,0,0.125,1259,7.36
10.4,18,15,0.4,149,200,8,0,0.125,1283,8.1
10.4,4.5,15,0.03,95,210,10,0,0,827,1.7
10.4,4.5,15,0.5,120,210,8,0,0,773,1.34
10.4,4.5,15,0,123,180,10,0,0,959,2.31
10.4,4.5,15,0,123,180,10,0,0,953,2.38
10.4,4.5,15,0,120,180,10,0,0,953,2.81
10.4,4.5,15,0,120,180,10,0,0,956,2.26
10.4,4.5,15,0,120,180,10,0,0,923,2.55
10.4,4.5,15,0,120,180,10,0,1.2,935,2.73
10.4,4.5,15,0,120,180,10,0,0,917,2.4
10.4,4.5,15,0,120,180,10,0,0.9,935,2.56
10.4,4.5,15,0,120,180,10,0,0,932,2.12
10.4,4.5,15,0,120,180,10,0,0.1,947,2.94
10.4,4.5,15,0,120,180,10,0,0,917,2.31
10.4,4.5,15,0,120,180,10,0,0.3,941,3.47
10.4,4.5,15,0,120,180,10,0,0,917,2.22
10.4,4.5,15,0,120,180,10,0,0.03,926,3.02
10.4,4.5,15,0,120,180,10,0,0.6,947,3.13
10.4,4.5,15,0,120,180,10,0,0.3,935,2.86
10.4,4.5,15,0,120,180,10,0,0.5,944,3.31
10.4,4.5,15,0,120,180,10,0,0.25,938,3.23
10.4,18,15,0.4,147,200,8,0,0,1221,5.63
3.9,4.5,15,0,120,180,10,0,0,927,2.39
3.9,4.5,15,0,120,180,10,0,3,951,2.89
3.9,4.5,15,0,120,180,10,0,0,933,2.45
3.9,4.5,15,0,120,180,10,0,1.8,957,3.47
3.9,4.5,15,0,120,180,10,0,0,947,2.44
3.9,4.5,15,0,120,180,10,0,0.6,965,3.84
3.9,4.5,15,0,120,180,10,0,0,929,2.36
3.9,4.5,15,0,120,180,10,0,0.3,947,3.21
3.9,4.5,15,0,120,180,10,0,0,929,2.25
3.9,4.5,15,0,120,180,10,0,0.15,938,2.49
3.9,4.5,15,0,120,180,10,0,0,941,2.28
3.9,4.5,15,0,120,180,10,0,0.06,929,2.14
3.9,4.5,15,0,125,180,10,0,0.6,959,3.06
3.9,4.5,15,0,125,180,10,0,0.6,947,3.59
3.9,4.5,15,0,125,180,10,0,0.6,953,2.78
3.9,4.5,15,0,125,180,10,0,1.2,947,1.69
3.9,4.5,15,0,125,180,10,0,0,929,2.33
3.9,4.5,15,0,125,180,10,0,0,941,2.7
3.9,4.5,15,0,125,180,10,0,0.43,965,2.72
3.9,4.5,15,0,125,180,10,0,0,941,2.67
3.9,4.5,15,0,125,180,10,0,0.043,959,2.86
3.9,4.5,15,0,125,180,10,0,0.3,932,3.12
3.9,4.5,15,0,125,180,10,0,0.15,932,3.12
3.9,4.5,15,0,125,180,10,0,1.3,947,2.86
3.9,4.5,15,0,125,180,10,0,0.15,926,3.61
3.9,4.5,15,0,125,180,10,0,2.5,947,2.85
3.9,4.5,15,0,125,180,10,0,0.15,932,3.33
3.9,4.5,15,0,125,180,10,0,1.3,947,3.24
3.9,4.5,15,0,125,180,10,0,0.15,935,3.24
3.9,4.5,15,0,125,180,10,0,2.5,953,3.04
3.9,4.5,15,0,125,180,10,0,0.4,945,3.08
3.9,4.5,15,0,80,180,10,0.3,0.6,947,1.66
3.9,4.5,15,0,125,180,10,0,0.6,1085,2.33
3.9,4.5,15,0,80,180,12,0.5,0,857,2.54
3.9,4.5,15,0,80,180,12,0.5,0.3,851,2.42
3.9,4.5,15,0,80,180,12,0.6,0,851,2.21
3.9,4.5,15,0,80,180,12,0.6,0.3,836,1.76
3.9,4.5,15,0,80,180,12,0,0.6,836,2.97
3.9,4.5,15,0,80,180,12,0,0.3,793,2.1
3.9,18,15,0.4,147,200,8,0,0,1298,5.52
3.9,18,15,0.4,147,200,8,0,0,1295,6.33
3.9,18,15,0.4,147,200,8,0,0.3,1256,7.64
3.9,4.5,15,0,125,180,10,0,0.6,959,2.93
3.9,4.5,15,0,125,180,10,0,1.8,953,3.19
3.9,4.5,15,0,130,180,10,0.6,0.3,965,2.87
3.9,4.5,15,0,130,180,10,0.3,0.3,947,3.23
3.9,4.5,15,0,125,180,10,3,0.3,959,3.03
3.9,4.5,15,0,125,180,10,3,0.3,965,2.6
3.9,4.5,15,0.5,83,210,12,0,0,640,1.03
3.9,4.5,15,0.5,66,210,12,0,0,641,1.53
3.9,4.5,15,0.03,90,210,12,0,0,800,1.71
3.9,4.5,15,0.5,120,210,12,0,0,787,1.48
3.9,4.5,15,0,130,180,10,0,0,951,2.97
3.9,4.5,15,0.5,100,210,12,0,0,760,1.42
3.9,4.5,15,0,130,180,10,0,0.9,956,3.25
3.9,4.5,15,0,130,180,10,0.3,0.6,947,3.36
3.9,4.5,15,0,130,180,10,0.6,0.3,965,3.24
3.9,4.5,15,0,130,180,10,0.3,0.6,956,3.54
3.9,4.5,15,0,130,180,10,0.3,0.6,977,3.35
3.9,4.5,15,0,130,180,10,0,0,947,2.75
3.9,4.5,15,0,130,180,10,0.3,0,965,4.38
3.9,4.5,15,0,130,180,10,0.3,0.6,965,3.42
3.9,18,15,0,162,210,8,0,0,1764,3.51
3.9,18,15,0,162,210,8,0,0,1659,4.29
3.9,18,15,0,162,210,8,0,0,1728,3.97
3.9,18,15,0,162,210,8,0,0,1737,3.75
3.9,18,15,0,162,210,8,0,0,1701,4.36
3.9,18,15,0,162,210,8,0,0,1713,4.35
3.9,18,15,0,158,210,8,0,0,1635,5.18
3.9,18,15,0,158,210,8,0,0,1539,6.34
3.9,18,15,0,158,210,8,0,0,1545,5
3.9,18,15,0,158,210,8,0,0,1596,5.45
3.9,4.5,15,0,123,180,10,0,0,929,2.96
3.9,4.5,15,0,123,180,10,0,0,923,2.77
3.9,4.5,15,0,123,180,10,0,0,935,3.04
3.9,4.5,15,0,123,180,10,0,0,929,2.79
3.9,4.5,15,0,123,180,10,0,0,929,3
3.9,4.5,15,0,123,180,10,0,0,941,2.78
3.9,4.5,15,0,123,180,10,0,0,935,2.91
3.9,4.5,15,0,124,180,10,0,0,935,3.06
3.9,4.5,15,0,123,180,10,0,0,929,2.97
3.9,4.5,15,0,124,180,10,0,0,932,2.95
3.9,4.5,15,0,130,180,10,0,0,959,2.07
3.9,4.5,15,0,130,180,10,0,0.25,977,2.39
3.9,4.5,15,0,130,180,10,0,0,953,2.4
3.9,4.5,15,0,130,180,10,0,0.7,971,1.87
3.9,4.5,15,0,130,180,10,0,0.3,965,2.98
3.9,4.5,15,0,130,180,10,0,0.3,965,3.19
3.9,4.5,15,0,130,180,10,0,0.3,959,3.26
3.9,4.5,15,0,130,180,10,0,0.3,959,3.32
-1.5,4.5,15,0,130,180,10,0.6,0.3,959,3.17
-1.5,4.5,15,0,130,180,10,0.6,0,959,3.1
-1.5,4.5,15,0,110,210,8,0,0.3,989,4.05
-1.5,4.5,15,0,120,140,12,0,0.3,953,2.91
-1.5,4.5,15,0.5,65,210,12,0,0,637,1.44
-1.5,18,15,0.4,147,200,8,0,0,1271,6.07
-1.5,18,15,0,160,210,8,0,0,1565,6.24
-1.5,4.5,15,0,130,180,10,0,0,956,2.73
-1.5,4.5,15,0,128,180,10,0,0.3,947,3.23
-1.5,4.5,15,0,130,180,10,0,0.3,941,3.09
-1.5,4.5,15,0,130,180,10,0,0.3,959,3.46
-1.5,4.5,15,0,130,180,10,0,0.3,956,3.22
-1.5,4.5,15,0,130,180,10,0,0.3,959,3.25
-1.5,4.5,15,0,130,180,10,0,0.3,956,3.09
-4.6,4.5,15,0,130,180,10,0,0,953,2.46
-4.6,4.5,15,0,130,180,10,0,0.3,953,2
-4.6,4.5,15,0,130,180,10,0,0,941,2.27
-4.6,4.5,15,0,130,180,10,0,0.3,941,2.61
-4.6,4.5,15,0,130,180,10,0,0,947,2.59
-4.6,4.5,15,0,130,180,10,0,0.04,947,2.22
-4.6,4.5,15,0,130,180,10,0,0,947,2.47
-4.6,4.5,15,0,130,180,10,0,0.3,947,3.23
-4.6,4.5,15,0,130,180,10,0,0,959,2.47
-4.6,4.5,15,0,130,180,10,0,0.33,977,2.97
-4.6,4.5,15,0,130,180,10,0,0,953,2.83
-4.6,4.5,15,0,130,180,10,0,0.1,965,3.32
-4.6,4.5,15,0,130,180,10,0,0,959,2.51
-4.6,4.5,15,0,130,180,10,0,0.6,977,2.93
-4.6,18,15,0.4,154,200,8,0,0,1307,6.01
-4.6,4.5,15,0.5,120,210,8,0,0,767,1.47
-4.6,4.5,15,0,80,180,10,0,0.33,818,2.27
-4.6,4.5,15,0,100,180,10,0,0.66,799,1.92
-4.6,18,15,0.4,140,200,8,0,0.33,1256,10.09
-4.6,18,15,0.4,150,200,8,0,0.33,1259,8.67
-4.6,18,15,0,160,210,8,0,0,1575,5.26
-4.6,18,15,0,158,210,8,0,0,1536,6.13
-4.6,18,15,0,162,210,8,0,0,1629,4.4
-4.6,18,15,0,162,210,8,0,0,1623,4.19
-4.6,18,15,0.4,154,200,8,0,0,1310,9
-4.6,18,15,0,160,210,8,0,0,1616,5.5
-4.6,4.5,15,0,130,180,10,0,0,932,2.45
-4.6,4.5,15,0,130,180,10,0,0.86,929,2.53
-4.6,4.5,15,0,130,180,10,0,0,923,2.59
-4.6,4.5,15,0,130,180,10,0,0,935,2.36
-4.6,4.5,15,0,130,180,10,0,0.5,935,2.8
-4.6,4.5,15,0,130,180,10,0,0,935,2.48
-4.6,4.5,15,0,130,180,10,0,0.3,941,3.12
-4.6,4.5,15,0,130,180,10,0,0,935,2.07
-4.6,4.5,15,0,130,180,10,0,0.1,947,3.19
-4.6,4.5,15,0,130,180,10,0,0,935,2.4
-4.6,4.5,15,0,130,180,10,0,0.01,935,2.53
-4.6,18,15,0.4,140,200,8,0,0,1259,6.44
-4.6,18,15,0.4,120,200,8,0,0,1118,4.83
-4.6,18,15,0.4,120,200,8,0,0,1127,4.96
-4.6,4.5,15,0,130,180,10,0,0,929,2.53
-4.6,4.5,15,0,130,180,10,0,1.2,953,3.22
-4.6,4.5,15,0,130,180,10,0,0,929,2.6
-4.6,4.5,15,0,130,180,10,0,0.3,947,3.82
-4.6,18,15,0,160,210,8,0,0,1659,3.84
-4.6,18,15,0,160,210,8,0,0,1533,6.47
-4.6,4.5,15,0,80,180,10,0,0.3,827,2.09
-4.6,4.5,15,0,80,180,10,0,0.3,821,1.95
-4.6,4.5,15,0,110,180,10,0,0.3,891,2.73
-4.6,4.5,15,0,90,180,12,0,0.3,830,2.19
-4.6,4.5,15,0,80,180,12,0,0.3,799,2.04
-4.6,4.5,15,0,100,210,12,0,0.3,649,1.06
-4.6,4.5,15,0.5,110,210,12,0,0.3,764,1.41
-4.6,4.5,15,0.5,120,210,12,0,0.3,900,1
-3.8,4.5,15,0.5,90,210,12,0,0.3,686,1.24
-3.8,4.5,15,0.5,90,210,12,0,0.3,642,1.25
-3.8,4.5,15,0.5,90,210,12,0,0.3,764,1.64
-3.8,4.5,15,0,90,180,10,0,0.3,833,2.28
-3.8,4.5,15,0,130,180,10,0,1.43,959,3.09
-3.8,4.5,15,0,130,180,10,0,0.83,956,3.24
-3.8,4.5,15,0,130,180,10,0,0.3,962,3.21
-3.8,4.5,15,0,130,180,10,0,0.1,962,4.35
-3.8,4.5,15,0,130,180,10,0,0.01,962,3.11
-3.8,4.5,15,0,130,180,10,0,0.3,980,5.45
-3.8,18,15,0.4,140,200,8,0,0,1235,6.02
-3.8,18,15,0.4,140,200,8,0,0,1235,5.83
-3.8,18,15,0.4,120,200,8,0,0,1166,7
-3.8,18,15,0.4,120,200,8,0,0,1085,9.09
-3.8,4.5,15,0,130,180,10,0,0.3,1013,3.44
-3.8,4.5,15,0,130,180,10,0,0.3,1025,2.85
-3.8,4.5,15,0.5,64,210,12,0,0.3,640,1.2
-3.8,4.5,15,0.5,64,210,12,0,0.3,641,1.19
-3.8,4.5,15,0,110,180,10,0,0.3,953,3.5
-3.8,18,15,0,155,210,8,0,0,1692,4.62
-3.8,18,15,0,150,210,8,0,0,1689,5.03
-3.8,18,15,0,140,210,8,0,0,1665,5.53
-3.8,18,15,0,140,210,8,0,0,1650,5.75
-3.8,4.5,15,0.5,64,210,12,0,0.3,656,1.3
-3.8,4.5,15,0.5,64,210,12,0,0.3,653,1.24
-3.8,4.5,15,0.5,100,210,12,0,0.3,730,1.39
-3.8,4.5,15,0.5,100,210,12,0,0.3,745,1.58
0.1,18,15,0,120,200,8,0,0.3,1559,8.6
0.1,18,15,0,120,200,8,0,0.3,1509,9.41
0.1,18,15,0,140,200,8,0,0,1737,5.6
0.1,18,15,0,140,200,8,0,0,1659,7
0.1,18,15,0.4,120,200,8,0,0,1055,4.15
0.1,18,15,0.4,120,200,8,0,0,1049,3.92
0.1,18,15,0.4,140,200,8,0,0.3,1060,6.64
0.1,18,15,0.4,140,200,8,0,0.3,1042,5.84
0.1,18,15,0.4,110,200,12,0,0.3,1057,4.8
0.1,18,15,0.2,120,200,8,0,0,1392,9.06
0.1,18,15,0.3,120,200,8,0,0,1233,7.35
0.1,18,15,0.3,120,200,8,0,0.33,1248,8.56
0.1,18,15,0.3,120,200,8,0,0.33,1173,7
0.1,18,15,0.35,120,200,8,0,0,1110,5.35
0.1,4.5,15,0,100,180,10,0,0.33,935,3.42
0.1,4.5,15,0,100,180,10,0,0.33,947,3.66
0.1,4.5,15,0,100,180,10,0,0.5,947,3.44
0.1,4.5,15,0,100,180,10,0,0.5,938,3.23
0.1,4.5,15,0,100,180,10,0,0.66,947,3.23
0.1,4.5,15,0,100,180,10,0,0.66,947,3.42
0.1,4.5,15,0,115,180,10,0,0.33,977,3.56
0.1,4.5,15,0,90,180,12,0,0.33,899,2.86
0.1,4.5,15,0,80,180,12,0,0.33,884,2.38
0.1,4.5,15,0.5,110,210,12,0,0.33,716,1.36
0.1,4.5,15,0.5,100,210,12,0,0.33,769,1.78
0.1,4.5,15,0.5,65,210,12,0,0.33,646,1.26
0.1,18,15,0,140,210,8,0,0,1599,7.82
0.1,18,15,0,140,210,8,0,0,1563,8.03
0.1,18,15,0,145,210,8,0,0,1767,4.67
0.1,18,15,0,142,210,8,0,0,1674,5.34
0.1,4.5,15,0,100,180,10,0,0.2,941,3.76
0.1,4.5,15,0,100,180,10,0,0.2,941,3.62
0.1,4.5,15,0,115,180,10,0,0.2,923,2.91
0.1,4.5,15,0,115,180,10,0,0.2,947,3.59
0.1,4.5,15,0,100,180,10,0,0.2,941,3.72
0.1,4.5,15,0.03,115,180,10,0,0.2,941,3.56
0.1,18,15,0,142,210,8,0,0,1485,8.4
0.1,18,15,0,142,210,8,0,0,1554,7.15
0.1,18,15,0,142,210,8,0,0,1593,6.27
0.1,18,15,0,142,210,8,0,0,1587,6.62
0.1,4.5,15,0.3,130,180,10,0,0.33,854,1.45
0.1,4.5,15,0,100,180,10,0,0.33,947,3.63
0.1,4.5,15,0,100,180,10,0,0.33,938,3.28
0.1,4.5,15,0,100,180,10,0,0.33,938,3.34
0.1,4.5,15,0.1,130,180,10,0,0.33,893,2.8
0.1,4.5,15,0.15,130,180,10,0,0.33,869,2.28
0.1,18,15,0,142,210,8,0,0,1638,6.54
0.1,18,15,0,142,210,8,0,0,1566,7.91
0.1,4.5,15,0.05,130,180,10,0,0.33,963,2.67
0.1,4.5,15,0.07,130,180,10,0,0.33,897,2.87
6,4.5,15,0,100,180,10,0,0.33,947,3.41
6,4.5,15,0,100,180,10,0,0.33,953,3.57
6,4.5,15,0,100,180,10,0,0.25,959,4.2
6,4.5,15,0,100,180,10,0,0.25,959,4.28
6,4.5,15,0,100,180,10,0.33,0.15,971,3.85
6,4.5,15,0,100,180,10,0.15,0.33,959,3.49
6,18,15,0.3,120,200,8,0,0.33,1142,7
6,18,15,0.3,120,200,8,0,0.33,1094,6.15
6,18,15,0.3,120,200,8,0,0.33,1175,6.35
6,18,15,0.3,120,200,8,0,0.33,1097,7.62
6,18,15,0.4,120,200,12,0,0.33,1247,8.99
6,18,15,0.4,120,200,12,0,0.33,1226,8.65
6,4.5,15,0,100,180,10,0,0.3,953,3.11
6,4.5,15,0,100,180,10,0.3,0,968,3.87
6,4.5,15,0,100,180,10,0,0.6,959,2.96
6,4.5,15,0,100,180,10,0.6,0,1004,3.05
6,4.5,15,0,100,180,10,0,0,950,3.18
6,4.5,15,0,100,180,10,0,0,947,2.69
6,4.5,15,0.5,60,210,12,0,0,658,1.22
6,4.5,15,0.5,60,210,12,0,0,653,1.4
6,4.5,15,0,100,180,10,0,0,956,2.54
6,18,15,0,140,210,8,0.2,0,1568,9.59
6,18,15,0,140,210,8,0,0.2,1676,7.84
6,18,15,0,140,210,8,0.2,0.2,1718,8.15
6,18,15,0,140,210,8,0.2,0.2,1664,8.65
6,18,15,0,137,210,10,0.2,0,1515,10
6,18,15,0,140,210,10,0.2,0,1503,8.99
6,18,15,0,140,210,10,0.2,0,1572,10
6,18,15,0,140,210,10,0.2,0,1512,8.41
6,4.5,15,0,100,180,10,0.3,0,986,3.26
6,4.5,15,0,100,180,10,0.3,0,953,3.48
6,4.5,15,0,100,180,10,0,0.6,959,3.89
6,4.5,15,0,100,180,10,0,0.6,959,3.45
6,4.5,15,0,100,180,10,0.3,0,959,4.12
6,4.5,15,0,100,180,10,0.3,0,953,3.71
6,4.5,15,0,100,220,10,0,0,935,2.82
6,18,15,0.2,120,200,8,0,0,1265,7.16
6,18,15,0.1,120,200,8,0,0,1496,9.4
6,18,15,0.1,130,200,8,0,0,1472,10.3
6,18,15,0.15,115,200,8,0,0,1277,8.28
6,18,15,0.15,125,200,8,0,0,1280,9.08
6,18,15,0.15,150,200,8,0,0,1379,7.39
6,18,15,0.15,150,200,10,0,0,1289,5.16
6,18,15,0.15,150,200,8,0,0,1220,4.61
6,18,15,0.15,150,200,8,0,0.6,1463,6.87
6,18,15,0,140,210,8,0,0,1860,3.88
6,18,15,0,140,210,8,0,0,1863,3.35
6,18,15,0,140,210,8,0,0,1611,6.52
6,18,15,0,140,210,8,0,0,1521,8.69
12.4,4.5,15,0,100,180,10,0.15,0,971,3.64
12.4,4.5,15,0,100,180,10,0.45,0,977,3.16
12.4,4.5,15,0,100,180,10,0,0.45,956,2.79
12.4,4.5,15,0,100,180,10,0,0.5,968,2.8
12.4,4.5,15,0,100,180,10,0,0.3,959,3.37
12.4,4.5,15,0,100,180,10,0,0.6,947,2.97
12.4,4.5,15,0,80,180,10,0,0,905,2.61
12.4,4.5,15,0,95,180,10,0,0,947,2.83
12.4,4.5,15,0,65,180,10,0,0,875,2.48
12.4,4.5,15,0,115,180,10,0,0,968,3.15
12.4,4.5,15,0,55,180,12,0,0,806,1.62
12.4,4.5,15,0,140,180,8,0,0,1055,1
12.4,4.5,15,0,95,180,10,0.3,0.3,947,3.81
12.4,4.5,15,0,95,180,10,0.3,0.9,953,3.75
12.4,4.5,15,0,97,180,10,0.3,0.3,965,3.67
12.4,4.5,15,0,96,180,10,0.3,0.9,965,3.09
12.4,4.5,15,0,140,180,8,0,0,1037,2.32
12.4,18,15,0.4,120,200,8,0,0,1115,5
12.4,18,15,0.4,115,200,8,0,0,1079,4.33
12.4,18,15,0.4,115,200,8,0,0,1040,3.69
12.4,18,15,0.4,115,200,8,0,0,980,3.69
12.4,18,15,0.4,150,200,8,0,0.15,1295,8
12.4,18,15,0.4,150,200,8,0,0.3,1328,10
12.4,18,15,0.4,145,200,8,0,0.6,1259,5.96
12.4,18,15,0.4,145,200,8,0,0.15,1229,6.58
17.7,18,15,0.4,145,200,8,0,0,1220,4.87
17.7,18,15,0.4,145,200,8,0,0.3,1268,8.78
17.7,18,15,0,140,210,8,0.2,0.2,1551,7.71
17.7,18,15,0,145,210,8,0.2,0.2,1587,6.84
17.7,18,15,0.4,145,200,8,0,1.8,1206,5.63
17.7,18,15,0.4,145,200,8,0,1.8,1170,5.42
17.7,18,15,0.4,145,200,8,0,0.9,1242,8.44
17.7,18,15,0.4,145,200,8,0,0.9,1203,7.88
17.7,18,15,0.4,145,200,10,0,0.3,1263,7.23
17.7,18,15,0.4,145,200,10,0,0.3,1269,6.62
17.7,18,15,0.45,150,200,8,0,0,1395,5.73
17.7,18,15,0.45,153,200,8,0,0,1440,5.04
17.7,18,15,0.15,140,200,8,0,0,1371,5.56
17.7,18,15,0.15,145,200,8,0,0,1428,6.08
17.7,18,15,0,140,210,8,0.2,0.2,1500,8.27
17.7,18,15,0,140,210,8,0.2,0.2,1533,7.87
-4.6,7,23,0,110,240,12,0,0,809,1.8
-4.6,7,23,0,110,240,12,0,0,806,1.7
-4.6,7,23,0,110,240,12,0,0,799,1.6
10.4,18,15,0,100,240,8,0,0,1199,7
10.4,18,15,0,100,240,8,0,0,1211,7.4
3.9,18,15,0,95,240,8,0,0,1232,7.6
3.9,18,15,0,95,240,8,0,0,1211,8.2
3.9,18,15,0,95,240,8,0,0,1226,7.3
3.9,18,15,0,93,240,8,0,0,1121,6.2
3.9,18,15,0,93,240,8,0,0,1187,6.9
3.9,18,15,0,93,240,8,0,0,1220,7.2
3.9,7,23,0,110,240,12,0,0,965,3.8
3.9,7,23,0,110,240,12,0,0,977,3
3.9,7,23,0,110,240,12,0,0,977,2.9
3.9,19,12,0,160,180,8,0,0,2000,1
3.9,18,15,0,150,190,8,0,0,1839,3.2
3.9,18,15,0,150,200,8,0,0,1572,4.7
3.9,18,15,0,90,240,8,0,0,1154,6.8
3.9,18,15,0,87,240,8,0,0,1055,5.1
3.9,18,15,0,100,240,8,0,0,1163,7.1
3.9,18,15,0,80,240,8,0,0,1055,5.1
3.9,18,15,0,83,240,8,0,0,1061,4.4
3.9,18,15,0,85,240,8,0,0,1106,6.3
-1.5,4.5,15,0.5,60,210,12,0,0,679,1.2
-1.5,4.5,15,0.5,65,210,12,0,0,728,1.3
-1.5,4.5,15,0.5,70,210,12,0,0,737,1.4
-1.5,4.5,15,0.5,50,210,12,0,0,622,1.2
-1.5,4.5,15,0.5,55,210,12,0,0,640,1.2
-1.5,4.5,15,0.5,57,210,12,0,0,631,1.2
-1.5,7,15,0,100,240,10,0,0,917,2.9
-1.5,5.8,15,0,102,240,10,0,0,947,3
-1.5,5.8,15,0,102,240,10,0,0,911,2.7
20,7,15,0,110,240,10,0,0,977,2.2
20,7,15,0,110,240,10,0,0.3,989,2.4
20,7,15,0,110,240,10,0,0.15,1007,2.8
-1.5,18,15,0,85,240,8,0,0,1040,4.4
-1.5,18,15,0,87,240,8,0,0,1145,6.7
-1.5,18,15,0,86,240,8,0,0,1088,4.8
-4.6,7,15,0,100,240,10,0,0,935,3
-4.6,7,15,0,100,240,10,0,0,920,3.3
-4.6,7,15,0,100,240,10,0,0,923,3.1
-4.6,7,15,0,100,240,10,0,0,752,1.1
-4.6,7,15,0,100,240,10,0,0,911,3.4
-4.6,7,15,0,100,240,10,0,0,896,2.8
-4.6,7,15,0,100,240,10,0,0,899,2.6
-4.6,7,15,0,100,240,10,0,0,941,3.2
-4.6,7,15,0,100,240,10,0,0,887,2.5
-1.5,18,15,0,80,240,8,0,0,1187,5.1
-1.5,18,15,0,83,240,8,0,0,1205,4.2
-1.5,18,15,0,85,240,8,0,0,1190,4.5
-4.6,7,15,0,100,240,10,0,0,935,3.3
-4.6,7,15,0,100,240,10,0,0,929,3
-4.6,7,15,0,100,240,10,0,0,929,3.1
-4.6,18,15,0,105,240,8,0,0,1151,6.2
-4.6,18,15,0,107,240,8,0,0,1148,6.4
-4.6,18,15,0,110,240,8,0,0,1187,7.4
-4.6,18,15,0,115,240,8,0,0,1189,7.4
-4.6,18,15,0,120,240,8,0,0,1190,5.8
-4.6,18,15,0,123,240,8,0,0,1217,5.6
-4.6,18,15,0,105,240,8,0,0,1097,7
-4.6,18,15,0,105,240,8,0,0,1067,6.9
-4.6,18,15,0,105,240,8,0,0,1139,7
-4.6,18,15,0,100,240,8,0,0,1130,6.3
-4.6,18,15,0,115,240,8,0,0,1259,6.6
-4.6,18,15,0,90,240,8,0,0,1259,5.9
-4.6,18,15,0,120,240,8,0,0,1304,6.6
-4.6,18,15,0,123,240,8,0,0,1334,7.1
-4.6,18,15,0,125,240,8,0,0,1322,7.1
-4.6,18,15,0,100,240,8,0,0,1205,8.4
-4.6,18,15,0,100,240,8,0,0,1256,7.9
-4.6,18,15,0,130,240,8,0,0,1334,7.7
-4.6,18,15,0,97,240,10,0,0,1157,7
-4.6,18,15,0,93,240,10,0,0,1160,7
-4.6,18,15,0,110,210,10,0,0,1409,7
-4.6,18,15,0,95,240,12,0,0,1214,8.7
-4.6,18,15,0,110,210,10,0,0,1391,8.9
-4.6,4.5,15,0.5,60,210,12,0,0,679,1.4
-4.6,4.5,15,0.5,60,210,12,0.3,0,730,1.3
-4.6,4.5,15,0.5,60,210,12,0.3,0,703,1.1
-3.8,4.5,15,0.5,50,210,12,0,0,635,1.3
-3.8,7,15,0,100,240,10,0,0,887,2.8
-3.8,7,15,0,100,240,10,0,0,911,2.8
-3.8,7,15,0,120,240,10,0,0,1043,3
-3.8,4.5,15,0.09,90,210,12,0,0,803,1.7
-3.8,4.5,15,0.09,90,210,12,0,0,791,1.8
-3.8,4.5,15,0.09,90,210,12,0,0,788,1.9
-3.8,4.5,15,0.09,90,210,12,0,0,812,1.8
-3.8,7,23,0,110,240,12,0,0,1007,2.4
-3.8,18,15,0,95,240,8,0.3,0,1181,5.3
-3.8,18,15,0,95,240,8,0.6,0,1253,5.4
-3.8,18,15,0,125,210,10,0,0,1467,6.9
-3.8,18,15,0,135,210,10,0,0,1287,3.8
-3.8,18,15,0,135,210,10,0,0,1473,6.3
-3.8,18,15,0,135,210,10,0,0,1481,9.2
-3.8,4.5,15,0.5,50,210,12,0,0.3,1196,1.8
-3.8,4.5,15,0.5,49,210,12,0,0.4,1190,1.7
-3.8,4.5,15,0.5,49,210,12,0,0.5,1190,1.9
0.1,18,15,0,130,210,10,0,0,1497,9.7
0.1,18,15,0,130,210,8,0,0,1587,8.9
0.1,18,15,0,135,210,10,0,0,1500,11.2
0.1,18,15,0,140,210,10,0,0,1539,10.4
0.1,18,15,0,150,190,8,0,0,1827,4.1
0.1,18,15,0,150,180,8,0,0,1998,2.9
0.1,18,15,0,150,185,8,0,0,1356,5
0.1,18,15,0,135,210,10,0,0,1574,10.4
0.1,18,15,0,140,210,8,0,0,1469,11.1
0.1,18,15,0,130,210,8,0,0,1463,12
0.1,18,15,0,143,210,10,0,0,1598,7.9
0.1,18,15,0,145,210,8,0,0,1580,7.3
0.1,18,15,0,145,210,8,0,0,1568,8.9
0.1,4.5,15,0,110,230,7,0.3,0.2,995,3.2
0.1,10,15,0.45,70,110,16.5,0.1,0.1,649,1.4
0.1,18,15,0.01,70,148,8,0.4,0.6,905,2.6
0.1,4.5,15,0.01,110,90,17,0,0,995,4.3
0.1,10,15,0.19,155,344,6,0,0,1163,1.6
0.1,18,15,0,80,90,9,0,0,1151,6.5
0.1,4.5,15,0,85,100,10,0.1,0.5,989,3.8
0.1,7,15,0,70,120,10,0.1,0.8,893,2
0.1,18,15,0,90,290,10,0.5,0.5,1016,5
0.1,4.5,15,0,70,90,15,0,0,959,2.7
0.1,7,15,0,62,90,8,0,0,820,1
0.1,7,15,0,105,240,10,0,0,995,2.4
0.1,7,15,0,100,240,8,0,0,965,2.7
0.1,7,15,0,95,240,10,0,0,911,2.9
0.1,7,15,0,80,240,12,0,0,863,2.4
0.1,7,15,0,80,240,12,0,0,923,2.2
0.1,7,15,0,80,240,12,0,0,872,2.5
0.1,7,15,0,80,240,12,0,0,863,2.3
0.1,7,15,0,88,240,12,0,0,887,2.8
0.1,18,15,0.09,120,210,17,0,0,1430,8
0.1,18,15,0.3,137,195,17,0,0,1694,7.1
0.1,18,15,0.49,135,260,17,0,0,1145,5.8
0.1,18,15,0.04,80,210,17,0,0,1025,4.5
0.1,18,15,0.3,80,195,17,0,0,875,2.6
0.1,18,15,0.49,105,260,17,0,0,797,2.2
0.1,18,15,0.04,80,220,17,0,0,1025,3.5
0.1,18,15,0.09,125,210,17,0,0,1379,7.1
0.1,18,15,0.49,135,260,17,0,0,893,2.6
0.1,18,15,0.04,100,220,17,0,0,1280,5.1
0.1,18,15,0.49,135,253,17,0,0,911,2.6
0.1,4.5,15,0,125,90,10,0,0,1091,4.1
0.1,4.5,15,0,125,90,10,0,0.3,1112,6.7
0.1,4.5,15,0.45,160,85,7,0,0,953,1.8
0.1,4.5,15,0.45,160,85,7,0,0.3,983,2.7
0.1,18,15,0.5,85,190,6,0,0,785,2
0.1,18,15,0.5,85,190,6,0,0.3,790,2.2
0.1,4.5,15,0,105,90,10,0,0,1082,5.4
0.1,4.5,15,0,105,90,10,0,0.3,1097,6.6
0.1,18,15,0.49,135,260,17,0,0,917,2.9
0.1,18,15,0.49,135,260,17,0,0.3,920,3.3
0.1,18,15,0.5,110,190,6,0,0,947,3.7
0.1,18,15,0.5,110,190,6,0,0.3,953,5.4
6,4.5,15,0,105,290,12,0,0,974,2.5
6,4.5,15,0,100,290,12,0,0,959,2.4
6,4.5,15,0,110,290,12,0,0,971,2.7
6,4.5,15,0,100,290,12,0,0,1088,2.3
6,4.5,15,0,100,290,12,0,0,1067,2.4
6,4.5,15,0,100,290,12,0,0,1112,1.2
6,7,15,0,100,240,10,0,0,947,2.4
6,5.8,15,0,100,240,10,0,0,962,2.4
6,5.8,15,0,100,240,10,0,0,947,2.5
6,7,15,0,95,240,12,0,0,941,2.6
6,5.8,15,0,95,240,12,0,0,947,2.5
6,7,15,0,95,240,12,0,0,941,2.7
6,18,15,0.4,154,200,8,0,0.3,1277,9.4
6,18,15,0,160,255,13,0,0.3,1271,6.7
6,18,15,0.2,100,90,10,0,0.3,700,1.4
6,7,15,0,90,240,12,0,0,899,2.5
6,5.8,15,0,90,240,12,0,0,929,2.4
6,7,15,0,90,240,12,0,0,911,2.5
6,18,15,0.5,110,190,6,0,0.3,1038,5.9
6,18,15,0.5,110,190,6,0,0,960,3.3
6,4.5,15,0,100,290,12,0,0,939,2.6
6,18,15,0.5,100,190,10,0,0.3,876,3.7
6,18,15,0.5,105,190,6,0,0,1062,4.2
6,18,15,0.5,90,190,8,0,0.3,797,2.2
6,4.5,15,0,100,290,12,0,0.3,947,2.7
6,18,15,0,160,255,13,0,0.3,1274,8.2
6,18,15,0,120,210,10,0,0.3,1496,9.4
6,18,15,0,157,255,13,0,0,1283,6.6
6,18,15,0,156,255,13,0,0,1274,8
6,18,15,0,155,255,13,0,0,1253,7.3
12.4,18,15,0,80,90,9,0,0,650,0.5
12.4,18,15,0,80,90,9,0,0.3,650,0.5
12.4,4.5,15,0,100,290,12,0,0,935,2.4
12.4,7,15,0,80,240,12,0,0,824,1.7
12.4,18,15,0,85,240,8,0,0,1060,5
12.4,18,15,0,83,240,8,0,0,1109,5.2
12.4,7,15,0,80,240,12,0,0,845,2
12.4,18,15,0,83,240,8,0,0,1037,4.2
12.4,7,15,0,80,240,12,0,0,839,1.9
12.4,4.5,15,0,100,290,12,0,0,1049,2.1
12.4,4.5,15,0,100,290,12,0,0.3,1082,2.8
12.4,4.5,15,0,100,290,12,0,0.4,1043,2.5
12.4,7,15,0,90,240,12,0,0.3,902,3.1
12.4,4.5,15,0,95,290,12,0,0.3,947,3
12.4,7,15,0,90,240,12,0,0.3,893,3
12.4,7,15,0,90,240,12,0,0.3,914,3.2
12.4,4.5,15,0,102,290,12,0,0.3,977,3.1
12.4,4.5,15,0,102,290,12,0,0.3,1001,3.01
12.4,18,15,0.5,110,190,6,0,0.3,1031,4.8
12.4,18,15,0.5,110,190,6,0,0,956,3.3
12.4,4.5,15,0,100,290,12,0,0,941,2.4
12.4,4.5,15,0,100,290,12,0,0,971,2.8
12.4,18,15,0,128,210,10,0,0.3,1451,8.6
12.4,18,15,0,128,210,10,0,0.3,1490,10.8
12.4,18,15,0,125,190,8,0,0.3,1520,7.2
12.4,18,15,0,128,210,10,0,0,1456,11.7
12.4,18,15,0,128,210,10,0,0,1505,13.9
12.4,18,15,0,135,190,8,0,0,1718,8.7
12.4,7,15,0,90,240,12,0,0.3,887,2.9
12.4,4.5,15,0,95,290,12,0,0.3,923,2.6
12.4,7,15,0,85,240,12,0,0.3,839,2.1
12.4,7,15,0,92,240,12,0,0.3,893,3.2
12.4,4.5,15,0,98,290,12,0,0.3,932,2.8
12.4,7,15,0,87,240,12,0,0.3,875,2.7
12.4,18,15,0.5,95,190,6,0,0.2,932,3.6
12.4,4.5,15,0,90,290,12,0,0.2,935,2.5
12.4,18,15,0.5,100,190,6,0,0.3,872,2.9
12.4,18,15,0.5,95,190,6,0,0,827,2.5
12.4,18,15,0.5,110,190,6,0,0.5,959,3.4
12.4,18,15,0.5,115,190,6,0,0.5,1010,4
12.4,4.5,15,0,100,290,12,0,0,953,2.6
12.4,18,15,0,157,255,13,0,0,1223,3.5
12.4,18,15,0,128,210,10,0,0,1475,3.7
12.4,4.5,15,0,120,180,10,0,0.15,995,3.1
12.4,4.5,15,0,120,180,10,0,0.3,1007,3.6
12.4,4.5,15,0,120,180,10,0,0.6,1019,3.2
12.4,4.5,15,0,119,180,12,0,0.15,995,3.5
12.4,4.5,15,0,117,180,12,0,0.3,1001,3.6
12.4,4.5,15,0,115,180,12,0,0.6,995,3.5
12.4,18,15,0,135,190,8,0,0,1893,3.3
12.4,18,15,0,150,210,8,0,0,1554,5.4
12.4,18,15,0,130,210,10,0,0,1515,6.9
12.4,18,15,0,125,190,10,0,0,1608,6.8
12.4,18,15,0,150,205,8,0,0,1611,5.5
12.4,18,15,0,140,210,8,0,0,1506,8
12.4,4.5,15,0.5,55,210,12,0,0,629,1.2
12.4,4.5,15,0.5,65,210,12,0,0,647,1.5
12.4,5.5,15,0.52,49,123.4,16.6,0,0,613,1.3
12.4,18,15,0,132,190,10,0,0,1724,5.7
12.4,18,15,0,125,190,8,0,0,1450,5.6
12.4,3.35,15,0.54,53,168,9,0,0,611,1.3
12.4,4.2,15,0.53,49,115.5,11.8,0,0,625,1.3
17.7,20.2,15,0.38,82,58.8,15.4,0,0,650,0.5
17.7,19.8,15,0.29,79,70.6,11.1,0,0,650,0.5
17.7,19.6,15,0.3,124,60.8,16.6,0,0,650,0.5
17.7,20.13,15,0.33,106,58.9,12,0,0,650,0.5
17.7,20.1,15,0.33,108,62.1,12.2,0,0,650,0.5
17.7,18,15,0.27,107,62,16.35,0,0,650,0.5
17.7,23.8,15,0.36,126,111,14.1,0,0,650,0.5
17.7,25.4,15,0.38,123,105,15.2,0,0,650,0.5
17.7,20.8,15,0.34,127,100,13,0,0,650,0.5
17.7,22.7,15,0,101,117,18,0,0,650,0.5
17.7,17,15,0,105,91,16,0,0,650,0.5
17.7,23.9,15,0.06,104,111,17.8,0,0,650,0.5
17.7,18,15,0,125,190,10,0,0,1566,8.7
17.7,18,15,0,120,200,8,0,0.2,1599,9.3
17.7,18,15,0,130,225,8,0,0.5,1389,10.9
17.7,18,15,0,130,190,10,0,1,1464,6.9
17.7,20.4,15,0,153,249,16.4,0,0.2,1317,7.3
17.7,20.3,15,0.003,170,268,16.8,0,0.5,1326,6.6
17.7,17.6,15,0,70,178,18,0,0,875,1.1
17.7,16.7,15,0,70,142,17.8,0,0,824,1
17.7,11.4,15,0,155,357,17.8,0,0,1196,2.3
17.7,4.5,15,0,70,290,15,0,0,866,1.8
17.7,17.44,15,0,99,112,15.3,0,0,650,0.5
17.7,4.5,15,0,120,180,10,0,0,989,2.6
17.7,25.3,14.8,0.15,160,249,15.3,0,0.2,1731,4.5
17.7,24.2,15.3,0.11,164,287,14.8,0,0.2,1353,6.1
17.7,12.3,14.5,0.29,149,110,11.4,0,0,1965,2.4
17.7,24.2,15.3,0.11,164,287,14.8,0,0,1566,5.6
17.7,22.8,14.1,0.69,108,357,7.9,0,0,1005,3.8
17.7,23.9,15.3,1.27,58,355,11.8,0,0,633,1.5
17.7,17.6,15,0,70,178,18,0,0,818,1
17.7,4.5,15,0,70,290,15,0,0,818,1.3
17.7,9.9,15,0.65,87,128,11.7,0,0,671,1.3
17.7,17.6,15,0,70,178,18,0,0,881,0.8
17.7,4.5,15,0,70,290,13,0,0,863,1.4
17.7,4.5,15,0,74,290,15,0,0,821,1.2
17.7,4.5,15,0,70,290,13,0,0,881,2
17.7,4.5,15,0,73,290,12,0,0,851,1.3
17.7,18.8,15,0,77,187,6.7,0,0,1565,8.6
17.7,22.8,15,0.1,57,241,6.1,0,0,947,1.8
17.7,19.3,15,0.18,71,261,9.2,0,0,851,1.9
17.7,20.7,15,0.25,70,240,8.3,0,0,799,1.3
17.7,22.8,15,0.18,66,281,7.8,0,0,839,1.6
20.4,4.5,15,0,130,180,10,0,0.3,1034,2.7
20.4,7,15,0,105,240,10,0,0.3,971,3
20.4,18,15,0.5,110,190,6,0,0.3,929,3.2
20.4,25.2,15,0,85,144,3.4,0,0,650,0.5
20.4,21.1,15,0.33,102,236,6.6,0.15,0.15,893,2.3
20.4,16.8,15,0.18,106,221,5,0.15,0.15,932,3.6
20.4,23.5,15,0.9,149,173,2,0,0,1652,5.2
20.4,19.8,15,0.16,71,311,14,0,0,799,1.9
20.4,17.8,15,0.05,79,241,6,0.1,0.1,1013,4.7
10,24.4,15,0.35,103,333,12.6,0,0,870,2.1
10,24.2,15,0.24,95,308,14,0,0,970,3.1
10,23.5,15,0.9,149,173,2,0,0,1800,2.74
10,4.5,15,0,88,173,4.4,0,0,890,1.601276857
10,4.5,15,0,92,151,3.2,0,0,900,1.960709086
10,4.5,15,0,97,141,3.6,0,0,910,1.797881067
10,4.5,15,0,99,136,3.5,0,0,910,2.137935896
10,4.5,15,0,99,136,3.5,0,0,940,2.66
10,24.2,15,0.4,87,315,12,0,0,810,1.96880847
20.4,21,15,0.31,84,221,9.1,0.07,0.07,980,4.2
20.4,17.5,15,0.51,110,169,9.5,0.07,0.07,1013,4.2
20.4,17.2,15,0.11,79,223,13.2,0.07,0.07,959,3.1
20.4,16,15,0.64,116,148,9,0.07,0.07,1058,5.4
20.4,13.5,15,0.28,103,156,6.4,0.07,0.07,1046,4.9
20.4,11.7,15,0.15,103,169,7.5,0.07,0.07,1019,5
10,20.6,15,0.35,91,257,15,0,0,880,2.24378
10,16.3,15,0.15,82,203,13.2,0,0,990,3.82113
10,17.2,15,0,59,241,11.7,0,0,880,1.53794
10,4.5,15,0,99,136,3.5,0,0,960,3.24233
10,17.8,15,0.19,90,254,13,0,0,890,2.2
10,14.76,15,0,75,232,14,0,0,890,2
10,11.6,15,0.1,91,164,11.4,0,0,850,1.95
19.9,18,15,0.5,110,190,6,0,0.3,1046,4.7
19.9,18,15,0.5,110,190,6,0,0.3,1010,4.6
19.9,18,15,0.5,110,190,6,0,0.3,971,4.2
19.9,8.7,15,0.56,133,62,10.5,0.1,0.1,1373,13
19.9,9.4,15,0.55,129,82,6.8,0.1,0.1,1388,16
19.9,12.5,15,0.55,120,109,9.6,0.1,0.1,1193,7
19.9,23.8,15,0.26,138,248,9.6,0,0,1430,6.8
19.9,24.6,15,0.18,127,258,9.4,0,0,1112,4.1
19.9,18,15,0,140,210,9,0,0,1601,8.1
19.9,11.6,15,5,54,341,16,0,0,662,1.5
19.9,24.1,15,0,101,263,4.5,0,0,1229,7.3
19.9,18,15,0,140,200,8,0,0,1751,5.1
19.9,18,15,0,140,210,10,0,0,1622,5.9
19.9,18,15,0,140,210,10,0,0,1553,10.2
19.9,18,15,0,140,210,12,0,0,1571,7.4
19.9,18,15,0,140,210,11,0,0,1695,7.5
19.9,18,15,0,139,210,10,0,0,1640,7.5
19.9,18,15,0,135,210,10,0,0,1713,5.4
19.9,18,15,0,135,210,10,0,0,1629,6
19.9,18,15,0,135,210,10,0,0,1593,7.9
19.9,18,15,0,130,210,10,0,0,1599,8.2
19.9,18,15,0,130,210,10,0,0,1386,4.8
19.9,18,15,0,130,210,10,0,0,1569,9
19.9,18,15,0,130,210,10,0,0,1526,6.1
19.9,18,15,0,130,210,10,0,0,1580,4.6
19.9,18,15,0,130,210,10,0,0,1475,6.3
19.9,10.1,15,0.8,119,59.4,10.4,0,0,1421,3
6,9,15,0,145,115,12,0,0,1358,11.7
6,9,15,0,145,115,12,0,0,1460,6.8
6,9,15,0,145,115,12,0,0,1464,4.7
6,9,15,0,145,115,12,0,0,1464,4.7
17.7,4.5,15,0,125,90,10,0,0,1097,3.98
17.7,4.5,15,0,125,135,10,0,0,977,2.9
10,22.4,15,0.59,107,298,9.7,0,0,812,1.81422
10,18.7,15,0.16,81,243,11.6,0,0,850,1.83581
10,13.6,15,0.19,106,166,13.6,0,0,856,1.97858
10,22.4,15,0.59,107,298,9.7,0,0,846,2.20511
10,12,15,0.12,98,179,12.1,0,0,946,2.76062
10,18.7,15,0.16,81,243,11.6,0,0,984,3.88158
10,13.6,15,0.19,106,166,13.6,0,0,1054,3.73505
10,10.2,15,0.84,113,62,8.3,0,0,1368,6.1933
10,11.9,15,0.85,107,64,3.7,0,0,1318,3.38609
10,4.5,15,0,105,90,10,0,0,1050,4.64876
10,4.5,15,0,127,90,10,0,0,1088,3.49675
10,4.5,15,0,130,180,10,0,0,996,3.09045
10,4.5,15,0,120,140,10,0,0,950,2.92178
10,4.5,15,0,101.6,140,10,0,0,930,2.53632
19.9,4.5,15,0,150,180,5,0,0,1025,2.76
19.9,4.5,15,0,162,180,3,0,0,1103,2.51
19.9,4.5,15,0,125,300,10,0,0,911,1.58
19.9,4.5,15,0,110,140,12,0,0,917,2.8
19.9,4.5,15,0,110,140,12,0,0.3,927,4.14
19.9,4.5,15,0,125,140,10,0,0,965,3.79
19.9,4.5,15,0,110,120,10,0,0.3,977,4.19
16.2,4.5,15,0,110,120,10,0,0.3,944,3.81
3.9,4.5,15,0,125,140,10,0,0,965,3.68
16.2,19,15,0,137,221.5,5,0,0,1601,8.5
16.2,18,15,0,130,210,10,0,0,1508,8.8
16.2,18,15,0,130,210,10,0,0,1616,9
16.2,18,15,0,130,210,10,0,0,1619,8.9
16.2,18,15,0,130,210,10,0,0,1595,9.2
16.2,18,15,0,130,210,10,0,0,1655,8.3
16.2,18,15,0,130,210,10,0,0,1541,10.5
16.2,18,15,0,130,210,10,0,0,1550,9
16.2,4.5,15,0,95,290,12,0,0.3,944,2.5
16.2,4.5,15,0,98,290,12,0,0.3,947,2
16.2,4.5,15,0,100,290,12,0,0.3,1007,2
16.2,4.5,15,0,95,290,12,0,0.5,1049,2
16.2,21.7,15,1,140,196,15.2,0,0.5,1358,7.5
16.2,14.4,15,0.98,138,115,14.7,0,0.5,1340,10.2
10,4.5,15,0,90,140,10,0,0,832,1.358435673
10,4.5,15,0,110,140,10,0,0,922,2.702699674
10,4.5,15,0,95,90,10,0,0,888,1.271488707
10,4.5,15,0,130,140,10,0,0,1018,2.848853163
10,4.5,15,0,98,90,10,0,0,939.1725,1.847923496
10,4.5,15,0,102,90,10,0,0,967.2075,2.324817747
10,4.5,15,0,134.6,90,8,0,0.3,1115.3925,5.165033542
10,4.5,15,0,130.6,90,10,0,0.3,1139.4225,5.704208175
10,16.3,15,0.15,82,140,10,0,0,1205.505,3.660817
10,4.1,15,0,120,203,13.2,0,0,951.1875,2.459387
10,16.3,15,0.15,82,203,13.2,0,0,1039.2975,3.338055339
10,10.3,15,0,91,152.6,16.81,0,0,1261.575,5.83406839
10,6.9,15,0,103.24,150.2,15.6,0,0,921.15,2.13367102
10,2.99,15,0,86.8,77.4,10.37,0,0,899.1225,1.737210606
16.2,4.5,15,0,110,120,10,0,0,1007,3.66
16.2,18,15,0.5,110,190,6,0,0,1211,5.32
16.2,13,15,0.06,74,223,1,0,0,875,2.42
16.2,9,15,0.86,77,134,0.7,0,0,724,1.94
16.2,10.7,15,0.07,76,163,1.7,0,0,742,1.82
16.2,15.1,15,0.6,69,222,1.2,0,0,672,1.7
10,22.3,15,0.453,133,319,15.6,0,0,939.1725,2.273447344
10,4.5,15,0,120,140,10,0,0,977.22,2.484884871
10,4.5,15,0,110,120,10,0,0.3,960,3.07
10,18,15,0.5,110,190,6,0,0.3,1028,4.59
10,4.5,15,0,108,120,10,0,0.3,970,3.24
10,4.5,15,0,106,120,10,0,0,942,2.66
10,18,15,0,130,210,10,0,0,1471.8375,7.093523347
10,18.8,15,0,77,87,6.7,0,0,1017.27,1.436638516
10,18,15,0,135,190,8,0,0,1698.12,5.880904565
10,18,15,0.15,110,210,8,0,0.3,1181.475,7
10,18,15,0.15,120,210,8,0,0.3,1349.685,9.434632157
10,18,15,0.15,115,210,8,0,0.3,1317.645,8.731996539
10,18,15,0.15,117,210,8,0,0.3,1291.6125,8.34958601
10.4,18,15,0,130,210,10,0,0,1574,14
10.4,18,15,0,130,210,10,0,0,1595,13.8
10.4,18,15,0,130,210,10,0,0,1535,13
10.4,18,15,0,130,210,10,0,0,1583,11
10.4,18,15,0,130,210,10,0,0,1634,8.5
10.4,18,15,0,130,210,10,0,0,1535,10.4
3.9,26,15,0.77,88,350,19.5,0,0,725,2.03
3.9,24,15,0.04,81,312,16.7,0,0,991,4.02
3.9,4.5,15,0,130,180,10,0,0,1018,1.49
3.9,4.5,15,0,160,180,10,0,0,1132,2.22
3.9,4.5,15,1,130,180,10,0,0,875,1.3
3.9,4.5,15,0,130,300,10,0,0,1004,2.87
10,9.6,15,0.4,119,90,11.9,0,0,1171,5.76
10,6,15,0.78,127.9,59.8,12,0,0.3,948,2.52
10,10.4,15,0.45,113.3,97.6,7.35,0,0,1042,4.48
10,9,15,0.88,121.8,87.3,13,0,0,844,1.66
3.9,23,15,0,84,334,17.2,0,0.3,1080,5.5
3.9,17.3,15,0,133,215,15.6,0,0,1484,6.6
3.9,16.3,15,0.77,127,200,18.8,0,0,903,1.12
10,17,15,0,105,91,16,0,0,650,0.5
10,17.6,15,0,70,178,18,0,0,650,0.5
10,16,15,0,127,203,19,0,0,1421,6.82
10,16.4,15,0.33,140,221,19.5,0,0,1024,3.2
10,15.6,15,0.49,128,202,16.2,0,0,912,2.05
10,8.6,15,0,118,80,10.2,0,0,1306,2.5
10,18,15,0,80,90,9,0,0,650,0.5
10,27.9,15,0.77,98.1,270.3,18.8,0,0,950.3364375,3.060606061
10,25.8,15,0.023,100.2,269.8,19.4,0,0,1665.088763,6.867647059
10,22.7,15,0.834,94.73,245.2,18.9,0,0,794.2615875,2.217028381
3.9,4.5,15,0,102,210,12,0,0,648,1.2
3.9,4.5,15,0.5,50,210,12,0,0,968,3.9
3.9,13.6,15,0.19,106,166,13.6,0,0,1054,4.2
3.9,18,15,0,90,210,12,0,0,1103,4.2
3.9,18,15,0,83,180,10,0,0,1150,7
3.9,18,15,0,110,240,12,0,0,1294,4.1
3.9,13.5,15,0.08,80,231,19,0,0,920,1.5
3.9,16.9,15,0.01,49,231,18.5,0,0,855,1
3.9,12,15,0.05,92,231,17,0,0,975,2.8
3.9,12.5,15,0.4,90,226,15.5,0,0,770,1.7
3.9,15,15,0.24,65,220,17.6,0,0,804,1.4
3.9,16.7,15,0.32,49,221,16.4,0,0,723,1
-1.5,18,15,0.5,110,190,6,0,0,1022,3.3
-1.5,18,15,0.5,110,190,6,0,0.15,1021,4.6
-1.5,18,15,0.5,110,190,6,0,0.3,937,3.6
-1.5,18,15,0.25,110,190,6,0,0.45,1304,5.9
-1.5,18,15,0.25,110,190,6,0,0.6,1157,5.5
-1.5,18,15,0.25,110,190,6,0,0.75,1227,6.7
-1.5,12.6,15,0.42,83,220,18,0,0.3,725,1.6
-1.5,13.3,15,0.33,81,230,13.4,0,0.3,741,2
-1.5,13.5,15,0.23,76,220,16.3,0,0.3,764,2.2
-1.5,13,15,0.53,86,215,10.8,0,0.3,748,1.7
-1.5,16.5,15,0.29,66,247,6,0,0.3,760,1.7
-1.5,23.1,15,0.38,71,371,10.5,0,0.3,738,1.8
-1.5,6,15,0.18,99,128,6.9,0,0,812,1.9
-1.5,5.4,15,0.08,100,122,9.9,0,0,852,2.4
-1.5,6.3,15,0.03,120,120,5,0,0,1063,2.9
-1.5,28,15,0.5,69,309,5.5,0,0,849,2.8
-1.5,29,15,0.07,52,297,7.2,0,0,1073,3.6
-1.5,30,15,0.09,74,321,5,0,0,1299,4.4
-1.5,28.8,15,0.13,50,315,10,0,0,947,3.8
-1.5,27.2,15,0.24,62,311,7.7,0,0,968,2.9
-1.5,28.4,15,0.64,75,321,6.1,0,0,800,2.1
-1.5,23.6,15,0.89,103,84.6,16.8,0,0,650,0.5
-1.5,27,15,0.57,111,69,16.4,0,0,650,0.5
-1.5,26,15,0.18,95,93,17,0,0,650,0.5
-1.5,15.5,15,0.17,60,207,3.6,0,0,793,1.5
-1.5,6.8,15,0.23,93,115,3.8,0,0,780,2.1
-1.5,6.5,15,0.36,97,126,10.2,0,0,701,2.1
-1.5,5.7,15,0.12,92,97,5,0,0,847,2.5
-1.5,5,15,0.31,96,112,9.3,0,0,739,1.7
-1.5,3.6,15,0.22,92,82,4.5,0,0,756,1.7
-4.6,18,15,0,150,255,13,0,0.3,1277,4.6
-4.6,18,15,0,95,240,8,0,0.3,1150,6.7
-4.6,18,15,0,100,240,8,0,0.3,1101,4.7
-4.6,18,15,0,147,255,13,0,0.3,1287,4.8
-4.6,18,15,0,152,255,11,0,0.3,1345,6.4
-4.6,18,15,0,154,255,10,0,0.3,1267,4.8
-4.6,5.3,15,0.74,94,105,5.7,0,0,744,1.7
-4.6,5.2,15,0.33,98,112,6.2,0,0,744,1.7
-4.6,5,15,0.54,98,113,9.5,0,0,733,1.8
-4.6,7.4,15,0.38,90,114,5.9,0,0,780,1.77
-4.6,8.4,15,0.44,91,134,4.6,0,0,741,1.7
-4.6,15,15,0.46,63,199,1,0,0,744,1.8
-4.6,18,15,0,95,240,8,0,0.3,1215,2.7
-4.6,18,15,0,95,240,8,0,0.3,1144,2.6
-4.6,18,15,0,90,240,10,0,0.3,1087,2
-4.6,18,15,0,90,240,10,0,0.3,1222,3.4
-4.6,18,15,0,95,240,8,0,0.3,1248,3.5
-4.6,18,15,0,90,240,10,0,0.3,1193,2.7
-4.6,3.35,15,0.54,53,168,9,0,0,637,1.45
-4.6,3.35,15,0.54,53,168,9,0,0.1,643,1.35
-4.6,18.01,15,0.5,110,190,6,0,0.1,990,3.2
-4.6,4.5,15,0,130,180,10,0,0,1017,2.3
-4.6,4.5,15,0,115,180,10,0,0,986,2.8
-4.6,4.5,15,0,100,180,10,0,0,970,3.5
-4.6,4.5,15,0,95,290,12,0,0.3,959,2.1
-4.6,4.5,15,0,95,290,12,0,0.3,950,2.1
-4.6,7,15,0,80,240,12,0,0.3,912,3
-4.6,4.5,15,0,95,290,12,0,0.3,950,2
-4.6,7,15,0,80,240,12,0,0.3,883,1.7
-4.6,7,15,0,80,240,12,0,0.3,917,1.95
-3.8,10,15,0.23,89,182,4.6,0,0.3,776,1.5
-3.8,15.8,15,0.24,79,276,11,0,0.3,739,1.7
0.1,18,15,0.15,110,210,8,0,0,1200,6
-3.8,18,15,0,90,240,8,0,0.3,1183,5
-3.8,18,15,0,95,240,8,0,0.3,1220,8.6
-3.8,18,15,0,95,240,8,0,0.3,1210,8.9
-3.8,18,15,0,89,240,8.5,0,0.3,1095,5.7
-3.8,18,15,0,93,240,9.5,0,0.3,1112,6.3
-3.8,18,15,0,93,240,9.5,0,0.3,1162,7
-3.8,18,15,0,89,240,8,0,0.3,1058,4.1
-3.8,18,15,0,89,240,8,0,0.3,1058,5.3
-3.8,18,15,0,89,240,8,0,0.3,1048,4.5
-3.8,18,15,0,90,240,8,0,0.3,1162,5.9
-3.8,18,15,0,95,240,8,0,0.3,1134,6.5
-3.8,18,15,0,93,240,8,0,0.3,1211,7.7
-3.8,10,15,0.23,89,182,4.6,0,0.3,776,1.4
-3.8,15.8,15,0.24,79,276,11,0,0.3,739,1.6
-3.8,4.5,15,0,95,290,12,0,0.3,959,2.2
-3.8,4.5,15,0,94,290,12,0,0.3,942,2.1
-3.8,4.5,15,0,94,290,12,0,0.3,956,1.4
-3.8,4.5,15,0,94,290,12,0,0.3,954,2
-3.8,16.3,15,0.27,109,224,15.5,0.3,0.3,911,3.15
-3.8,17.2,15,0.62,127,205,17.5,0.3,0.3,837,1.7
-3.8,16,15,0.34,133,252,17,0.3,0.3,928,2.7
-3.8,17.7,15,0.34,113,238,19,0.3,0.3,886,2.7
-3.8,17.2,15,0.34,104,222,16,0.3,0.3,895,2.7
-3.8,18.5,15,0.7,138,217,15,0.3,0.3,971,2.75
0.1,17.4,15,0.4,109,206,9.6,0,0,937,3
0.1,16.7,15,0.35,112,213,11.4,0,0,901,2.8
0.1,18.3,15,0.41,111,227,9.8,0,0,919,2.8
0.1,11.3,15,0.23,111,156,10.3,0,0,1011,3.3
0.1,10.8,15,0.17,112,161,9.7,0,0,1007,3.3
0.1,12.2,15,0.2,108,171,10.3,0,0,1041,4
0.1,17.4,15,0.4,109,206,9.6,0,0.3,979,4.7
0.1,17.4,15,0.4,109,206,9.6,0,0,952,4.3
0.1,17.4,15,0.4,109,206,9.6,0.3,0,964,4.5
0.1,17.4,15,0.4,109,206,9.6,0.3,0,933,3.6
0.1,17.4,15,0.4,109,206,9.6,0.3,0.3,964,3.75
0.1,17.4,15,0.4,109,206,9.6,0.3,0.3,989,4.15
0.1,47.6,15,0,87,477,3,0,0,1291,7.5
0.1,47.4,15,0,81,475,2,0,0,1179,6.2
0.1,47.1,15,0,84,473,2,0,0,1203,6.6
0.1,17,15,1,52,206.5,14.5,0,0,625,1.35
0.1,19.8,15,0.24,59,372,17.9,0,0.7,713,1.7
0.1,22.9,15,1,59,349.7,11.5,0,0,660,1.2
10,14.2,15,0,114,201,10.8,0,0,1204.834163,5.568
10,14.2,15,0,114,201,10.8,0,0,1237.014338,6.854304636
10,13.72,15,0,116,194,11,0,0,1172.653988,5.616935484
10,13.7,15,0,115,194,11,0,0,1231.938,6.5703125
10,18,15,0.15,110,210,8,0,0,1203.14205,6.853658537
10,18,15,0.15,110,210,8,0,0,1203.14205,6.831683168
10,18,15,0.15,108,210,8,0,0,1221.775313,7.144230769
10,17.7,15,0.15,110,210,8,0,0,1169.269763,6.5703125
10,18.7,15,0.16,81,243,11.6,0,0,901.125,2.081346671
10,4.5,15,0,134.6,90,8,0,0,1085.355,4.133763542
10,17.7,15,0.15,110,210,8,0,0,1169.46,6.84171239
10,17.7,15,0.15,110,210,8,0,0,1159.4475,6.754182906
10,17.9,15,4.8,55,321,17.7,0,0,644.805,1.537649198
10,1.1,15,4.8,51,914,4.6,0,0,650,0.5
10,22.9,15,4.99,58,318,16.5,0,0,650.8125,1.520344354
10,17.7,15,0.15,110,210,8,0,0,1133.415,6.473035918
10,26.8,15,3.5,125,851,11,0,0,796.995,1.392278264
12.4,3.95,15,2.9,64,158,16,0,0,677,1.3
12.4,13.4,15,2.8,58,229,15.2,0,0,628,1.4
12.4,45.7,15,0.46,116,506,3.5,0,0,1161,8.4
12.4,31.3,15,0.39,66,892,12.4,0,0,655,1.5
12.4,4.5,15,0,60,210,10,0,0,782,1.5
12.4,17.2,15,0,59,241,11.7,0,0,856,1.5
12.4,4.5,15,0,60,210,10,0,0,826,2.4
12.4,17.2,15,0,59,241,11.7,0,0,883,1.6
12.4,45.7,15,0.46,116,506,3.5,0,0,1242,6.2
12.4,45.7,15,0.46,116,506,3.5,0,0.3,1242,5.4
12.4,47.3,15,1.74,104,449,2.2,0,0,914,2.9
12.4,30.2,15,4.85,50,222,6.1,0,0,722,1.3
12.4,4.5,15,0,60,210,10,0,0,882,1.4
12.4,17.4,15,0.4,109,206,9.6,0,0,971,3
12.4,18,15,0.5,110,190,6,0,0,1012,2.9
12.4,17.7,15,0.15,110,210,8,0,0,1196,4.1
12.4,18,15,0,94,240,9,0,0,1208,4.7
17.7,17.4,15,0.4,109,206,9.6,0,0.3,965,3.4
17.7,18,15,0.5,110,190,6,0,0.3,1046,4.7
17.7,33.4,15,0.36,98,398,9,0,0.3,1038,3.3
17.7,17.4,15,0.4,109,206,9.6,0,0.3,947,3.7
17.7,18,15,0.5,110,190,6,0,0.3,973,4
17.7,33.4,15,0.36,98,398,9,0,0.3,987,4.4
17.7,17.4,15,0.4,109,206,9.6,0,0.25,924,3.2
17.7,17.4,15,0.4,109,206,9.6,0,0.5,949,3.6
17.7,17.4,15,0.4,109,206,9.6,0,0,934,3.1
17.7,17.4,15,0.4,109,206,9.6,0,0.75,986,4.4
17.7,17.4,15,0.4,109,206,9.6,0,1,990,4.4
17.7,17.4,15,0.4,109,206,9.6,0,1.25,955,3.75
17.7,17.4,15,0.4,109,206,9.6,0.75,0.25,984,3.6
17.7,17.4,15,0.4,109,206,9.6,0.75,0.28,967,3.4
10,17.4,15,0.4,109,206,9.6,0,0.4,946,3.98
10,17.4,15,0.4,109,206,9.6,0.4,0.4,926,3.3
20.4,21,15,0.4,77,206,6,0,0,908,2.3
20.4,24,15,0.4,77,206,6,0,0,965,3.4
20.4,24,15,0.4,79,206,6,0,0,929,2.4
20.4,24,15,0.4,72,206,6,0,0,803,1.5
20.4,24,15,0.4,72,206,6,0,0.3,884,2.75
20.4,24,15,0.4,72,206,6,0,0,808,1.5
20.4,24,15,0.4,72,206,6,0,0.6,877,2.6
